Percent Change,High Percent,Low Percent,Day,Month,Year,DayOfWeek,Y
1,1.039651235,0.99242267,1,1,1,6,1.033215694
1.033215694,1.036467752,0.994775969,2,1,1,0,1.021699819
1.021699819,1.018190757,0.989675516,3,1,1,1,1.016027532
1.016027532,1.111487467,0.989354495,4,1,1,2,1.098809639
1.098809639,1.013387352,0.770213141,5,1,1,3,0.871322882
0.871322882,1.038512079,0.861720408,6,1,1,4,0.895784898
0.895784898,1.016587678,0.910291131,7,1,1,5,1.003046716
1.003046716,1.053099336,0.985262684,8,1,1,6,1.013499831
1.013499831,1.010656011,0.966699967,9,1,1,0,0.998778999
0.998778999,1.012780618,0.989219827,10,1,1,1,1.005112247
1.005112247,1.014705882,0.831048209,11,1,1,2,0.868421053
0.868421053,1.054494525,0.941558442,12,1,1,3,1.031448943
1.031448943,1.030736946,0.951734354,13,1,1,4,1.018145908
1.018145908,1.017095053,0.97999515,14,1,1,5,0.993695441
0.993695441,1.00829673,0.986578819,15,1,1,6,1.001952172
1.001952172,1.018874817,0.995737944,16,1,1,0,1.007428154
1.007428154,1.095612233,0.997219872,17,1,1,1,1.087513598
1.087513598,1.015560742,0.94020229,18,1,1,2,0.96921196
0.96921196,1.038188073,0.998509174,19,1,1,3,1.026605505
1.026605505,1.007037534,0.981791778,20,1,1,4,0.997430742
0.997430742,1.040318065,0.996192183,21,1,1,5,1.030126554
1.030126554,1.020221787,0.966079583,22,1,1,6,0.998912807
0.998912807,1.010013061,0.991292991,23,1,1,0,1.002938616
1.002938616,1.004449267,0.964948454,24,1,1,1,0.969940315
0.969940315,1.01331394,0.988588051,25,1,1,2,1.000671291
1.000671291,1.027839893,0.998993739,26,1,1,3,1.023703041
1.023703041,1.00764526,0.991590214,27,1,1,4,1.002621232
1.002621232,1.004248366,0.994335512,28,1,1,5,1.000544662
1.000544662,1.004246053,0.993685357,29,1,1,6,0.995645073
0.995645073,1.008529251,0.996719519,30,1,1,0,1.006779661
1.006779661,1.05083089,0.996415771,31,1,1,1,1.048658629
1.048658629,1.021853962,0.994096323,1,2,1,2,1.017503884
1.017503884,1.027178339,0.990940554,2,2,1,3,1.021986971
1.021986971,1.019621514,0.985258964,3,2,1,4,1.008964143
1.008964143,1.027640671,0.987561698,4,2,1,5,1.018558736
1.018558736,1.001841442,0.973056794,5,2,1,6,0.984783873
0.984783873,1.014270249,0.994783978,6,2,1,0,1.008463734
1.008463734,1.028691324,0.995315702,7,2,1,1,1.024299795
1.024299795,1.01867378,0.972084604,8,2,1,2,1.005621189
1.005621189,1.01657982,0.876077688,9,2,1,3,0.927522501
0.927522501,1.027170582,0.967313585,10,2,1,4,1.018998979
1.018998979,1.016740176,0.986267041,11,2,1,5,1.010725742
1.010725742,0.999504116,0.98433006,12,2,1,6,0.988297134
0.988297134,1.011138986,0.978524837,13,2,1,0,0.998896136
0.998896136,1.018485031,0.991058871,14,2,1,1,1.012959614
1.012959614,1.002578598,0.991470792,15,2,1,2,0.999900823
0.999900823,1.031838921,0.999206507,16,2,1,3,1.023507241
1.023507241,1.024711697,0.994185483,17,2,1,4,1.016959008
1.016959008,1.013150372,0.99552125,18,2,1,5,1.002763484
1.002763484,1.003991257,0.98612563,19,2,1,6,0.996768982
0.996768982,1.031366193,0.9924683,20,2,1,0,1.027361998
1.027361998,1.042130661,0.996195249,21,2,1,1,1.038418708
1.038418708,1.011885612,0.978373548,22,2,1,2,1.001340483
1.001340483,1.054529228,0.993752789,23,2,1,3,1.045872378
1.045872378,1.033961942,0.932161447,24,2,1,4,1.00392525
1.00392525,1.002974926,0.948746281,25,2,1,5,0.976710582
0.976710582,1.024714994,0.983900444,26,2,1,6,1.019580541
1.019580541,1.020655514,0.993769205,27,2,1,0,1.014680778
1.014680778,1.016318977,0.989064603,28,2,1,1,1.000420592
1.000420592,1.030017657,0.970823173,1,3,1,2,1.028083747
1.028083747,1.052588534,0.991248875,2,3,1,3,1.026825877
1.026825877,1.028514536,0.996256472,3,3,1,4,1.022142573
1.022142573,1.001948103,0.95745344,4,3,1,5,0.985194421
0.985194421,1.007118564,0.982440876,5,3,1,6,1.005457565
1.005457565,1.007394588,0.991976086,6,3,1,0,1.004562618
1.004562618,1.003054033,0.899530149,7,3,1,1,0.965309319
0.965309319,1.007544415,0.922284416,8,3,1,2,0.930477813
0.930477813,1.052310375,0.984568439,9,3,1,3,1.038622493
1.038622493,1.1167632,0.829933686,10,3,1,4,0.933769831
0.933769831,1.081175836,0.993167925,11,3,1,5,1.060050342
1.060050342,1.047744233,0.984481004,12,3,1,6,1.038924695
1.038924695,1.016733328,0.984082932,13,3,1,0,1.010693005
1.010693005,1.013971895,0.984009045,14,3,1,1,1.003957357
1.003957357,1.011101279,0.994610249,15,3,1,2,1.008285737
1.008285737,1.005425243,0.892771661,16,3,1,3,0.935774693
0.935774693,1.001705175,0.906726916,17,3,1,4,0.913718135
0.913718135,1.029765793,0.877297751,18,3,1,5,0.906410376
0.906410376,1.095017501,0.995779288,19,3,1,6,1.052707433
1.052707433,1.034128692,0.982788969,20,3,1,0,1.024349697
1.024349697,1.074463007,0.996563246,21,3,1,1,1.070453461
1.070453461,1.000535093,0.889859984,22,3,1,2,0.931686435
0.931686435,1.017325548,0.978271274,23,3,1,3,0.990715038
0.990715038,1.003285024,0.895942029,24,3,1,4,0.907922705
0.907922705,1.059912738,0.947536448,25,3,1,5,1.028306906
1.028306906,1.039325261,0.979716444,26,3,1,6,1.003208113
1.003208113,1.081906334,0.992160099,27,3,1,0,1.07808954
1.07808954,1.022294517,0.971677351,28,3,1,1,0.999330208
0.999330208,1.013692072,0.965434699,29,3,1,2,0.997606281
0.997606281,1.010365678,0.979844515,30,3,1,3,0.99616086
0.99616086,1.048463243,0.997398593,31,3,1,4,1.039695539
1.039695539,1.022796775,0.989250301,1,4,1,5,1.006486887
1.006486887,1.021544977,0.989043366,2,4,1,6,1.010404199
1.010404199,1.055130308,0.998359759,3,4,1,0,1.045744487
1.045744487,1.011850819,0.977866853,4,4,1,1,0.994945974
0.994945974,1.00175162,0.972236819,5,4,1,2,0.98957786
0.98957786,1.063456943,1.00053102,6,4,1,3,1.052040004
1.052040004,1.010515689,0.986960545,7,4,1,4,1.001514259
1.001514259,1.006467871,0.9800084,8,4,1,5,0.991852163
0.991852163,1.029048103,0.994241192,9,4,1,6,1.019901762
1.019901762,1.008801794,0.9921116,10,4,1,0,1.001992859
1.001992859,1.018977376,0.9909671,11,4,1,1,1.011601889
1.011601889,1.00393217,0.989104612,12,4,1,2,0.993282543
0.993282543,1.005113402,0.948701031,13,4,1,3,0.970061856
0.970061856,1.016323754,0.988097262,14,4,1,4,1.000935215
1.000935215,1.014864521,0.714771086,15,4,1,5,0.99974518
0.99974518,1.009345794,0.991248938,16,4,1,6,0.999830076
0.999830076,1.022263766,0.996600952,17,4,1,0,1.014615908
1.014615908,1.016666667,0.997571189,18,4,1,1,1.010134003
1.010134003,1.010032336,0.990050576,19,4,1,2,1.00754498
1.00754498,1.025839368,0.996296906,20,4,1,3,1.018844635
1.018844635,1.015265326,0.997980777,21,4,1,4,1.009288426
1.009288426,1.005921895,0.972951344,22,4,1,5,0.993037772
0.993037772,1.012329761,0.985655573,23,4,1,6,1.006608107
1.006608107,1.005844208,0.988631815,24,4,1,0,0.999279481
0.999279481,1.019548149,0.996795385,25,4,1,1,1.012898574
1.012898574,1.035513723,0.998971763,26,4,1,2,1.017638219
1.017638219,1.046789989,0.998989585,27,4,1,3,1.035986321
1.035986321,1.017480681,0.966013955,28,4,1,4,0.997524195
0.997524195,1.010604693,0.988417569,29,4,1,5,1.00503911
1.00503911,1.01691237,0.98009429,30,4,1,6,1.011674025
1.011674025,1.071602929,0.993268733,1,5,1,0,1.04726681
1.04726681,1.039059189,0.985167397,2,5,1,1,1.021260065
1.021260065,1.034926343,0.984922885,3,5,1,2,1.027456947
1.027456947,1.083602585,0.967353258,4,5,1,3,1.021001616
1.021001616,1.047006857,0.97903481,5,5,1,4,0.994066456
0.994066456,1.034885263,0.99741345,6,5,1,5,1.024870673
1.024870673,1.01786061,0.967579111,7,5,1,6,1.005888824
1.005888824,1.072889861,0.999034997,8,5,1,0,1.070831189
1.070831189,1.055812556,0.973265245,9,5,1,1,1.019825774
1.019825774,1.040471281,0.980854197,10,5,1,2,1.032282769
1.032282769,1.064201335,0.993836672,11,5,1,3,1.038235462
1.038235462,1.001758918,0.902105205,12,5,1,4,0.926949926
0.926949926,1.049869545,0.945564516,13,5,1,5,1.045837287
1.045837287,1.022169303,0.98435108,14,5,1,6,1.00504621
1.00504621,1.002312987,0.934672233,15,5,1,0,0.964064087
0.964064087,1.025572005,0.96769852,16,5,1,1,1.011937504
1.011937504,1.065633493,0.985369803,17,5,1,2,1.041635344
1.041635344,1.099483706,0.994337423,18,5,1,3,1.044245822
1.044245822,1.047155768,0.996969697,19,5,1,4,1.043062201
1.043062201,1.044036697,0.991029562,20,5,1,5,1.039857288
1.039857288,1.026811097,0.970542104,21,5,1,6,1.001960592
1.001960592,1.107915077,0.977692985,22,5,1,0,1.039232952
1.039232952,1.076209753,0.993598192,23,5,1,1,1.069760874
1.069760874,1.09874153,0.995907771,24,5,1,2,1.075992256
1.075992256,1.137610927,0.903979062,25,5,1,3,0.943524312
0.943442522,1.134156914,0.889206762,26,5,1,4,0.973081925
0.973081925,1.034522696,0.832375607,27,5,1,5,0.914250078
0.914250078,1.120882869,0.999366595,28,5,1,6,1.066556227
1.066556227,1.067793513,0.967245317,29,5,1,0,1.040749201
1.040749201,1.022429989,0.942454569,30,5,1,1,0.962426477
0.962426477,1.062938977,0.988962875,31,5,1,2,1.050488005
1.050488005,1.06838015,1,1,6,1,3,1.047453653
1.047453653,1.033739534,0.988808754,2,6,1,4,1.033159247
1.033159247,1.036187114,0.982869293,3,6,1,5,1.021182701
1.021182701,1.005657264,0.973599434,4,6,1,6,0.991631964
0.991631964,1.071827582,0.999920764,5,6,1,0,1.07166911
1.07166911,1.083622921,0.998040665,6,6,1,1,1.061182994
1.061182994,1.003623062,0.915032224,7,6,1,2,0.937641526
0.937641526,1.04343303,0.974772432,8,6,1,3,1.039866246
1.039866246,1.019043876,0.995462341,9,6,1,4,1.004501929
1.004501929,1.036565412,0.998577221,10,6,1,5,1.031621256
1.031621256,1.026755853,0.988621867,11,6,1,6,1.025204289
1.025204289,1.003934889,0.835272752,12,6,1,0,0.893522567
0.893522567,1.04817826,0.996461909,13,6,1,1,1.021153267
1.021153267,1.033431626,0.865831183,14,6,1,2,0.909436049
0.909436049,1.022007863,0.861508532,15,6,1,3,0.989948527
0.989948527,1.038444217,0.956110542,16,6,1,4,1.027062436
1.027062436,1.072590289,0.978553775,17,6,1,5,1.058399107
1.058399107,1.007871643,0.937290498,18,6,1,6,0.956498814
0.956498814,1.030792251,0.991809734,19,6,1,0,1.030398488
1.030398488,1.070200245,0.998929991,20,6,1,1,1.052583308
1.052583308,1.018152774,0.952802788,21,6,1,2,0.97211734
0.97211734,1.029765462,0.979683298,22,6,1,3,1.016880789
1.016880789,1.013552226,0.991442633,23,6,1,4,0.995445865
0.995445865,1.011511216,0.93727863,24,6,1,5,0.955615407
0.955615407,1.027257635,0.954557739,25,6,1,6,0.981274854
0.981274854,1.016997167,0.915683034,26,6,1,0,0.962425244
0.962425244,1.05682515,0.944196885,27,6,1,1,1.056293692
1.056293692,1.012810589,0.963735583,28,6,1,2,0.997639136
0.997639136,1.010939985,0.980137332,29,6,1,3,0.992512705
0.992512705,1.00699656,0.96525172,30,6,1,4,0.969590369
0.969590369,1.019753285,0.962468758,1,7,1,5,0.977424817
0.977424817,1.053905799,0.979914213,2,7,1,6,1.046151943
1.046151943,1.031933767,0.98809383,3,7,1,0,1.014192785
1.014192785,1.03350826,0.999028183,4,7,1,1,1.017414966
1.017414966,1.009704657,0.978871356,5,7,1,2,1.004049975
1.004049975,1.002625671,0.982457476,6,7,1,3,0.994786712
0.994786712,1.001262336,0.950462857,7,7,1,4,0.961632622
0.961632622,1.021798799,0.98675365,8,7,1,5,1.020287203
1.020287203,1.004600569,0.978439705,9,7,1,6,0.979141487
0.979141487,1.007525683,0.904595047,10,7,1,0,0.933343952
0.933343952,1.029351536,0.966510239,11,7,1,1,0.991595563
0.991595563,1.043238825,0.973239255,12,7,1,2,1.03390268
1.03390268,1.01398194,0.971661604,13,7,1,3,0.983063543
0.983063543,1.003428717,0.916610227,14,7,1,4,0.945733153
0.945733153,1.001298004,0.883537732,15,7,1,5,0.884030078
0.884030078,1.035086831,0.915902992,16,7,1,6,0.969115488
0.969115488,1.167023666,0.999843268,17,7,1,0,1.166814691
1.166814691,1.074908212,0.969194949,18,7,1,1,1.038864512
1.038864512,1.039737954,0.966770106,19,7,1,2,0.9837945
0.9837945,1.284850609,0.999780952,20,7,1,3,1.255585736
1.255585736,1.002791347,0.915038381,21,7,1,4,0.933391486
0.933391486,1.075361669,0.993832006,22,7,1,5,1.060334193
1.060334193,1.007121452,0.943275163,23,7,1,6,0.971831482
0.971831482,1.01534499,0.985162882,24,7,1,0,1.002466807
1.002466807,1.005681407,0.894767316,25,7,1,1,0.934573352
0.934573352,1.019011849,0.945365136,26,7,1,2,0.990939363
0.990939363,1.060057831,0.995506408,27,7,1,3,1.051852141
1.051852141,1.056428545,0.996916676,28,7,1,4,1.042683606
1.042683606,1.001888271,0.961735785,29,7,1,5,0.973884851
0.973884851,1.014486922,0.959100055,30,7,1,6,1.012072435
1.012072435,1.05414784,0.984312308,31,7,1,0,1.042219411
1.042219411,1.021745916,0.922415288,1,8,1,1,0.952727777
0.952727777,1.009756098,0.971568984,2,8,1,2,0.990353112
0.990353112,1.03764014,0.998934019,3,8,1,3,1.032898364
1.032898364,1.029430605,0.989145907,4,8,1,4,1.024377224
1.024377224,1.161716172,0.999096752,5,8,1,5,1.133507035
1.133507035,1.009899473,0.970485473,6,8,1,6,0.990560255
0.990560255,1.059746287,0.989634901,7,8,1,0,1.052568069
1.052568069,1.027337664,0.986830889,8,8,1,1,1.008083718
1.008083718,1.002245291,0.947979238,9,8,1,2,0.976497346
0.976497346,1.031354515,0.992265886,10,8,1,3,1.02296345
1.02296345,1.081968649,0.995358613,11,8,1,4,1.066760078
1.066760078,1.085622811,0.988233363,12,8,1,5,1.059435201
1.059435201,1.082084926,0.993723525,13,8,1,6,1.049333609
1.049333609,1.067469108,0.97939743,14,8,1,0,1.065303008
1.065303008,1.025093001,0.886596271,15,8,1,1,0.961598004
0.961598004,1.05680371,0.946392099,16,8,1,2,1.054232645
1.054232645,1.022815335,0.955942016,17,8,1,3,0.975270092
0.975270092,1.019584473,0.9297483,18,8,1,4,0.959452196
0.959452196,1.020533931,0.963974278,19,8,1,5,1.010985531
1.010985531,1.007661728,0.972027467,20,8,1,6,0.979785568
0.979785568,1.007549304,0.975483205,21,8,1,0,0.984876801
0.984876801,1.034356196,0.901900077,22,8,1,1,1.021123068
1.021123068,1.040565323,0.995305279,23,8,1,2,1.012568159
1.012568159,1.053850426,0.992900437,24,8,1,3,1.042814711
1.042814711,1.033183587,0.994025565,25,8,1,4,1.010652093
1.010652093,1.003413986,0.976835304,26,8,1,5,0.997227569
0.997227569,1.012843784,0.992831377,27,8,1,6,0.998506537
0.998506537,1.013185144,0.965345851,28,8,1,0,1.010239772
1.010239772,1.058652028,0.990866228,29,8,1,1,1.047149398
1.047149398,1.010179888,0.977051748,30,8,1,2,0.996889479
0.996889479,1.039733799,0.999367227,31,8,1,3,1.033187868
1.033187868,1.040146987,0.990517624,1,9,1,4,1.039450064
1.039450064,1.011093277,0.903837949,2,9,1,5,0.92927528
0.92927528,1.031920941,0.961498098,3,9,1,6,1.00854869
1.00854869,1.001755945,0.888508314,4,9,1,0,0.925123025
0.925123025,1.05370826,0.938394845,5,9,1,1,1.033181019
1.033181019,1.056905037,0.998276292,6,9,1,2,1.047538046
1.047538046,1.0155455,0.972827852,7,9,1,3,1.003659038
1.003659038,1.013806196,0.891125205,8,9,1,4,0.93332039
0.93332039,1.017473709,0.96736392,9,9,1,5,1.00198775
1.00198775,1.000692026,0.930105419,10,9,1,6,0.979423773
0.979423773,1.027909277,0.973786476,11,9,1,0,0.993405403
0.993405403,1.040280708,0.966120581,12,9,1,1,0.986011996
0.986011996,1.003775037,0.902161629,13,9,1,2,0.930606651
0.930606651,1.015606025,0.831718471,14,9,1,3,0.837945379
0.837945379,1.179242083,0.918843082,15,9,1,4,1.14513891
1.14513891,1.04844095,0.956378911,16,9,1,5,0.995987937
0.995987937,1.026413258,0.942388278,17,9,1,6,0.997485739
0.997485739,1.117411101,0.999837381,18,9,1,0,1.111312879
1.111312879,1.004975246,0.939492232,19,9,1,1,0.953100993
0.953100993,1.037103378,0.984339816,20,9,1,2,0.993398158
0.993398158,1.007882129,0.921255989,21,9,1,3,0.931765494
0.931765494,1.037652393,0.969175905,22,9,1,4,0.995438587
0.995438587,1.059042435,0.989557876,23,9,1,5,1.051988447
1.051988447,1.000765576,0.959318902,24,9,1,6,0.968189018
0.968189018,1.082890252,0.999509202,25,9,1,0,1.072338105
1.072338105,1.012586452,0.981183889,26,9,1,1,0.989803702
0.989803702,1.087265908,0.997276954,27,9,1,2,1.082076708
1.082076708,1.014814111,0.976425621,28,9,1,3,0.996059067
0.996059067,1.009986653,0.960625417,29,9,1,4,0.994565736
0.994565736,1.050445744,0.997962998,30,9,1,5,1.045005752
1.045005752,1.011924964,0.976539926,1,10,1,6,1.009746365
1.009746365,1.016874475,0.991278872,2,10,1,0,0.999591197
0.999591197,1.007884034,0.961238725,3,10,1,1,0.980210392
0.980210392,1.009526679,0.969727875,4,10,1,2,0.977863799
0.977863799,1.034868561,0.9821509,5,10,1,3,1.024343992
1.024343992,1.023302633,0.994330541,6,10,1,4,1.011686028
1.011686028,1.023102084,0.988014364,7,10,1,5,1.014616071
1.014616071,1.042179539,0.996302809,8,10,1,6,1.039654628
1.039654628,1.057180649,0.987943708,9,10,1,0,1.035952035
1.035952035,1.03192046,0.988550497,10,10,1,1,0.997048666
0.997048666,1.02340765,0.990594953,11,10,1,2,1.012763992
1.012763992,1.126114174,0.998092948,12,10,1,3,1.126114174
1.126114174,1.077347863,0.992526599,13,10,1,4,1.037679932
1.037679932,1.035885974,0.987866532,14,10,1,5,1.033242864
1.033242864,1.006523941,0.935361478,15,10,1,6,0.976548148
0.974711144,1.020766548,0.982157326,16,10,1,0,1.014425617
1.014425617,1.002430851,0.958640807,17,10,1,1,0.972097303
0.972097303,1.000482263,0.913603401,18,10,1,2,0.995927553
0.996088308,1.028816325,0.989402335,19,10,1,3,1.021858805
1.021858805,1.066103955,0.984697996,20,10,1,4,1.05167936
1.05167936,1.032387245,0.980210575,21,10,1,5,1.00225259
1.00225259,1.010654946,0.95278527,22,10,1,6,0.99605434
0.99605434,1.011048154,0.943388658,23,10,1,0,0.986745558
0.986745558,1.000169388,0.925435328,24,10,1,1,0.93385392
0.93385392,1.042607607,0.975059404,25,10,1,2,1.040068201
1.040068201,1.041227764,0.992309034,26,10,1,3,1.026787583
1.026787583,1.018717304,0.966828589,27,10,1,4,0.979108635
0.979108635,1.018457482,0.980952711,28,10,1,5,0.993408042
0.993408042,1.099325953,0.991757762,29,10,1,6,1.073499109
1.073534034,1.012769003,0.979065342,30,10,1,0,0.996193698
0.996193698,1.055990072,0.994529987,31,10,1,1,1.053377529
1.053034633,1.044905491,0.985408817,1,11,1,2,1.044765936
1.044765936,1.089361513,1,2,11,1,3,1.042595506
1.042595506,1.059902061,0.987771894,3,11,1,4,1.018121512
1.017395513,1.048299986,0.973527354,4,11,1,5,1.030334406
1.030334406,1.031994351,0.989203944,5,11,1,6,1.003490046
1.003490046,1.005440152,0.938453211,6,11,1,0,0.941768726
0.941782259,1.037805526,0.999784461,7,11,1,1,1.02061989
1.020533674,1.107980626,0.989411732,8,11,1,2,1.048182253
1.048182253,1.00170598,0.945784751,9,11,1,3,0.95771318
0.95771318,1.026565305,0.89850763,10,11,1,4,0.92092123
0.92092123,1.038944226,0.943967224,11,11,1,5,0.965594444
0.965594444,1.023754318,0.86651209,12,11,1,6,0.927159734
0.927159734,1.150048485,0.991527875,13,11,1,0,1.109627261
1.109627261,1.031598314,0.984162514,14,11,1,1,1.011437332
1.011437332,1.111109427,0.999969684,15,11,1,2,1.104000243
1.103969926,1.093587807,0.977509268,16,11,1,3,1.078360566
1.078360566,1.018653628,0.959382202,17,11,1,4,0.980429606
0.980429606,1.020454545,0.968688312,18,11,1,5,1.010506494
1.010519481,1.041112967,0.98642848,19,11,1,6,1.033620357
1.033620357,1.031270982,0.988150598,20,11,1,0,1.02512869
1.025277895,1.014855868,0.948240944,21,11,1,1,0.982306358
0.982294231,1.025247225,0.998975296,22,11,1,2,1.016617489
1.016617489,1.003886089,0.973028113,23,11,1,3,0.973149554
0.973149554,1.039870717,0.985873662,24,11,1,4,1.023385829
1.023722764,1.068080697,0.99392942,25,11,1,5,1.067190833
1.067178643,1.082242478,0.999086195,26,11,1,6,1.064400429
1.064400429,1.044557005,0.999828297,27,11,1,0,1.04451408
1.044449691,1.02435115,0.990300639,28,11,1,1,1.017816411
1.017816411,1.152614577,0.90235211,29,11,1,2,0.993125379
0.994144963,1.085408205,0.91630788,30,11,1,3,1.010032494
1.010062957,1.100099526,0.94710016,1,12,1,4,1.09192629
1.09192629,1.02888183,0.986558026,2,12,1,5,1.004713898
1.004713898,1.085991551,0.969365968,3,12,1,6,1.030560723
1.03037745,1.033830775,0.970971701,4,12,1,0,1.033768521
1.033812988,1.0238722,0.988102612,5,12,1,1,1.003673308
1.003673308,1.186515929,0.999545731,6,12,1,2,1.17849337
1.178536226,1.227576527,0.97465473,7,12,1,3,1.225467451
1.226754715,1.025302348,0.824407161,8,12,1,4,0.951363529
0.951399099,1.016512755,0.819500006,9,12,1,5,0.92492616
0.924714298,1.063557951,0.87809973,10,12,1,6,1.014797844
1.014858491,1.155287009,0.997616281,11,12,1,0,1.11101889
1.11107201,1.049446314,0.971386397,12,12,1,1,1.020952233
1.020952233,1.010776228,0.917232014,13,12,1,2,0.953342035
0.953342035,1.040173638,0.983839674,14,12,1,3,1.011119434
1.011119434,1.092246127,0.998439388,15,12,1,4,1.069037339
1.06838759,1.113310712,0.984335658,16,12,1,5,1.099544734
1.099607255,1.027084862,0.96920906,17,12,1,6,0.985480653
0.985480653,1.008150763,0.950104114,18,12,1,0,0.99510115
0.995043455,1.002677743,0.886227545,19,12,1,1,0.923700135
0.923594712,1.016659342,0.892761547,20,12,1,2,0.939520709
0.939469344,1.051071921,0.908384008,21,12,1,3,0.949638846
0.949638846,1.01225683,0.695728661,22,12,1,4,0.87416278
0.87416278,1.133787047,0.977394804,23,12,1,5,1.053530918
1.053538236,1.00118778,0.84509537,24,12,1,6,0.957865051
0.957865051,1.049122553,0.943488035,25,12,1,0,1.00315446
1.002915156,1.163735882,0.994092638,26,12,1,1,1.139289381
1.139318303,1.048080218,0.922428127,27,12,1,2,0.978396903
0.978377864,1.005786084,0.873497532,28,12,1,3,0.933991944
0.93397897,1.049400979,0.968927319,29,12,1,4,0.999590235
0.999555509,1.00482209,0.831157371,30,12,1,5,0.870720743
0.870783277,1.136398455,0.986195781,31,12,1,6,1.105167406
1.105175385,1.005126169,0.929764268,1,1,2,0,0.970715859
0.970715859,1.138431673,0.962015337,2,1,2,1,1.097375213
1.097375213,1.046149884,0.988179557,3,1,2,2,1.027280553
1.027273775,1.016639726,0.939840992,4,1,2,3,1.001557088
1.001557088,1.128246849,0.977095013,5,1,2,4,1.116909638
1.116909638,1.017576144,0.960589332,6,1,2,5,1.012828226
1.012957982,1.000599726,0.919450348,7,1,2,6,0.94490087
0.944906693,1.004596908,0.856670138,8,1,2,0,0.92284466
0.92284466,1.023263578,0.975774896,9,1,2,1,0.986799054
0.986799054,1.01806002,0.9211422,10,1,2,2,1.017897622
1.018147985,1.004147089,0.867186825,11,1,2,3,0.899559372
0.899147321,1.04783727,0.991189427,12,1,2,4,1.026424327
1.027111729,1.053590961,0.999438687,13,1,2,5,1.028511802
1.028490213,1.010789328,0.916232271,14,1,2,6,0.958249078
0.958270069,1.051191997,0.983929028,15,1,2,0,1.000146033
1.000649848,1.000481597,0.733392195,16,1,2,1,0.829076793
0.828763025,1.036266145,0.816300836,17,1,2,2,0.985437192
0.986291239,1.071656847,0.951633637,18,1,2,3,1.003874308
1.002463846,1.066217853,0.970782575,19,1,2,4,1.031221059
1.031132008,1.129801713,0.998972295,20,1,2,5,1.110517134
1.110361683,1.000241112,0.868352895,21,1,2,6,0.901828562
0.902030785,1.032196594,0.874050442,22,1,2,0,0.936822591
0.937184738,1.052350722,0.925255313,23,1,2,1,1.003146564
1.002796945,1.059645485,0.971108501,24,1,2,2,1.050727563
1.049589886,1.026311419,0.96013077,25,1,2,3,0.979291777
0.979300518,1.040363828,0.927368318,26,1,2,4,0.992412814
0.992403888,1.045304911,0.981147688,27,1,2,5,1.03143551
1.031768304,1.055922658,0.996696074,28,1,2,6,1.02823593
1.028218495,1.00790172,0.942695572,29,1,2,0,0.953361198
0.953335764,1.002908088,0.882004536,30,1,2,1,0.904086442
0.904113122,1.022761477,0.958283741,31,1,2,2,1.009747893
1.009826584,1.003584579,0.856129824,1,2,2,3,0.894303637
0.894177008,1.002352992,0.862306368,2,2,2,4,0.968779276
0.968909998,1.068863555,0.927471218,3,2,2,5,1.038979583
1.039024555,1.01521398,0.858313044,4,2,2,6,0.889704052
0.889552562,1.019754768,0.809154827,5,2,2,0,0.844017614
0.844114928,1.137895753,0.864150563,6,2,2,1,1.109794936
1.108728546,1.109529751,0.935376537,7,2,2,2,0.987119499
0.987171489,1.1178128,1,8,2,2,3,1.074929889
1.074850891,1.070067127,0.953574403,9,2,2,4,1.065681807
1.06537557,1.042461454,0.939624941,10,2,2,5,0.9841675
0.984178998,1.000525719,0.916352209,11,2,2,6,0.944180287
0.944378892,1.111497353,1,12,2,2,0,1.101427582
1.101761591,1.004098269,0.940693,13,2,2,1,0.958792751
0.959174508,1.112073608,0.99988294,14,2,2,2,1.109299277
1.109217334,1.077166617,0.986586601,15,2,2,3,1.059278568
1.058645363,1.026217938,0.967740971,16,2,2,4,1.014694008
1.014554445,1.090259696,0.989545361,17,2,2,5,1.088058719
1.08807837,1.017871172,0.915430254,18,2,2,6,0.939053794
0.938855125,1.08213262,0.993093896,19,2,2,0,1.074331993
1.074360849,1.05566846,0.99554151,20,2,2,1,1.006177426
1.006374388,1.004341289,0.912044409,21,2,2,2,0.931686965
0.931428978,1.043944184,0.930640586,22,2,2,3,0.939981471
0.93987641,1.058787066,0.975326708,23,2,2,4,1.033514217
1.032843526,1.033678349,0.924309805,24,2,2,5,0.954790531
0.954672465,1.016201008,0.961558677,25,2,2,6,0.987849244
0.988436685,1.082109083,0.98116965,26,2,2,0,1.072381111
1.072662628,1.056319135,0.98373802,27,2,2,1,1.02980229
1.028830265,1.045944976,0.973451495,28,2,2,2,0.976333094
0.976446468,1.068959178,0.991640139,1,3,2,3,1.055093807
1.055093807,1.024072631,0.979146224,2,3,2,4,0.992957036
0.992480169,1.055273735,0.885701086,3,3,2,5,1.053573574
1.053619774,1.007673554,0.954011295,4,3,2,6,1.001201459
1.001131301,1.007988998,0.988217981,5,3,2,0,0.992545354
0.991108736,1.000194446,0.920259497,6,3,2,1,0.943513461
0.952696611,1.011132758,0.874116337,7,3,2,2,0.918721588
0.919445218,1.020008677,0.911842756,8,3,2,3,0.938379731
0.938571443,1.012750083,0.897773573,9,3,2,4,0.990872832
0.990786828,1.030793603,0.94302424,10,3,2,5,0.950717215
0.947483779,1.113075743,0.975286869,11,3,2,6,1.091317194
1.09202721,1.037374945,0.923268105,12,3,2,0,0.9582206
0.958356929,1.037565518,0.971155635,13,3,2,1,1.001772681
1.001772681,1.021682378,0.869315885,14,3,2,2,0.896853051
0.896809359,1.026406178,0.936846849,15,3,2,3,1.006601544
1.006589364,1.041201312,0.959440001,16,3,2,4,1.003012959
0.991977542,1.017906807,0.946596731,17,3,2,5,0.960587948
0.960380581,1.0521262,0.930155464,18,3,2,6,1.041660316
1.041622212,1.06065188,0.99107415,19,3,2,0,1.050713946
1.050384714,1.049395758,0.966647706,20,3,2,1,1.034652488
1.034629271,1.029285041,0.984594498,21,3,2,2,0.999270679
0.999023832,1.021620225,0.954558217,22,3,2,3,0.980064468
0.979963386,1.021970591,0.951898502,23,3,2,4,1.021947669
1.022004974,1.010260953,0.955849865,24,3,2,5,0.958518834
0.958709475,1.015194582,0.981647191,25,3,2,6,0.991121872
0.99121545,1.004920935,0.92823932,26,3,2,0,0.960998348
0.961352372,1.008813601,0.952629964,27,3,2,1,0.957675075
0.957834653,1.039395104,0.993784442,28,3,2,2,1.019466872
1.019505318,1.003205451,0.874258347,29,3,2,3,0.896168544
0.896570796,1.021829959,0.925887499,30,3,2,4,0.960924794
0.961317369,1.053234157,0.992474294,31,3,2,5,1.0119157
1.012046963,1.015650445,0.930970875,1,4,2,6,0.983585768
0.98361459,1.043352771,0.994461863,2,4,2,0,1.035602309
1.035426495,1.063971587,0.995146593,3,4,2,1,1.050515055
1.050458456,1.001225787,0.906126243,4,4,2,2,0.917171799
0.917144858,1.016082365,0.968246508,5,4,2,3,0.996078547
0.996328227,1.011203326,0.96162861,6,4,2,4,0.976502499
0.976531981,1.067537173,0.99873198,7,4,2,5,1.042448487
1.042478678,1.030046772,0.999710393,8,4,2,6,1.018042543
1.018795523,1.02228634,0.942791762,9,4,2,0,0.96392683
0.964026323,1.017235279,0.983634594,10,4,2,1,1.010644885
1.010762834,1.019400198,0.994573779,11,4,2,2,1.015534745
1.015709785,1.150259216,0.973575747,12,4,2,3,1.13833958
1.138382663,1.037984584,0.978516192,13,4,2,4,0.995016968
0.995483733,1.03663621,0.993435643,14,4,2,5,1.014357948
1.014383293,1.050833271,1,15,4,2,6,1.044849212
1.044674312,1.006062998,0.945743943,16,4,2,0,0.965057042
0.965057042,1.01260223,0.973085502,17,4,2,1,0.98
0.979987608,1.040348992,0.99833091,18,4,2,2,1.034127837
1.034203705,1.015246363,0.993605575,19,4,2,3,1.013669153
1.013852549,1.076444412,0.99182374,20,4,2,4,1.069305259
1.069305259,1.018123379,0.971523627,21,4,2,5,1.00632683
1.006383219,1.011060559,0.982394998,22,4,2,6,0.986899906
0.987191268,1.021761093,0.997275606,23,4,2,0,1.016289603
1.016278251,1.087359121,0.998246339,24,4,2,1,1.077362137
1.077328627,1.01120788,0.909082426,25,4,2,2,0.919968896
0.920114049,1.04835202,0.976933912,26,4,2,3,1.046481492
1.046008226,1.011149653,0.96093851,27,4,2,4,0.963168441
0.963157668,1.05459243,0.994933339,28,4,2,5,1.046036149
1.04601378,1.022764697,0.981886615,29,4,2,6,1.00672569
1.006800539,1.004343763,0.970220268,30,4,2,0,0.981870898
0.981870898,1,0.957372013,1,5,2,1,0.981590248
0.981795762,1.020811299,0.990646483,2,5,2,2,1.018332452
1.018442623,1.06114104,0.992124792,3,5,2,3,1.054682936
1.054455767,1.005468013,0.979625754,4,5,2,4,0.995999015
0.996091346,1.02917761,0.998125547,5,5,2,5,1.014830836
1.015459086,1.009949694,0.958122033,6,5,2,6,0.979390645
0.978853097,1.002538571,0.953694398,7,5,2,0,0.977256479
0.971277885,1.003253715,0.968625652,8,5,2,1,0.981064445
0.980904426,1.019902337,0.977498396,9,5,2,2,1.013507488
1.013518363,1.007951326,0.967186025,10,5,2,3,0.96850588
0.968538072,1.000299136,0.926168846,11,5,2,4,0.93156437
0.931708398,1.028122622,0.973185407,12,5,2,5,1.005933695
1.009453482,1.031723033,0.981258319,13,5,2,6,1.024077935
1.024066155,1.021269009,0.955333931,14,5,2,0,0.997779925
0.997768422,1.019379756,0.972619322,15,5,2,1,0.977288448
0.977288448,1.002288545,0.957897841,16,5,2,2,0.984357674
0.984381267,1.013673513,0.961376219,17,5,2,3,0.966253625
0.966421398,1.025941174,0.984549378,18,5,2,4,1.022481524
1.022357522,1.017514282,0.988901961,19,5,2,5,1.000048516
0.999902968,1.040818059,0.992818933,20,5,2,6,1.034583146
1.034643797,1.002473768,0.981945014,21,5,2,0,0.985204291
0.985262911,1.001273234,0.949487137,22,5,2,1,0.952664271
0.952628573,1.005208789,0.93278539,23,5,2,2,0.938368912
0.938368912,1.0298577,0.970861121,24,5,2,3,1.010729071
1.010862186,1.007835236,0.96861955,25,5,2,4,0.984698245
0.984803592,1.018827305,0.980343652,26,5,2,5,0.984328408
0.984408638,1.006778142,0.987177223,27,5,2,6,1.000652006
1.000733506,1.010804501,0.962442143,28,5,2,0,0.966337736
0.966337736,1.058109646,0.993047069,29,5,2,1,1.048937396
1.04914809,1.012852782,0.978257377,30,5,2,2,0.990748675
0.990842393,1.028523943,0.99381148,31,5,2,3,1.01375527
1.013741758,1.014381873,0.983112296,1,6,2,4,1.003772076
1.003772076,1.021737398,0.991647634,2,6,2,5,1.015376852
1.015376852,1.016791777,0.995383569,3,6,2,6,1.010815264
1.010815264,1.003958961,0.966245326,4,6,2,0,0.97088999
0.971291061,1.022004955,0.984495298,5,6,2,1,1.016530357
1.016530357,1.008858023,0.983345345,6,6,2,2,1.003865557
1.003865557,1.012230779,0.999569247,7,6,2,3,1.00480355
1.004816604,1.00163681,0.981683316,8,6,2,4,0.990153159
0.990153159,1.008777109,0.98310177,9,6,2,5,0.986053712
0.986053712,1.000066527,0.887210942,10,6,2,6,0.901447617
0.901460922,1.020014169,0.98258354,11,6,2,0,1.016339001
1.016339001,1.000188792,0.94047256,12,6,2,1,0.952409997
0.952453565,1.010078524,0.934527712,13,6,2,2,0.962460929
0.962460929,1.063241608,0.995453321,14,6,2,3,1.053039304
1.053070988,1.001278715,0.962150046,15,6,2,4,0.964346426
0.964301295,1.024056162,0.991887676,16,6,2,5,1.014945398
1.014945398,1.013403425,0.991745827,17,6,2,6,0.993006241
0.993036982,1.051698785,0.992322576,18,6,2,0,1.040136212
1.040136212,1.01781303,0.994300426,19,6,2,1,1.004851335
1.004836453,1.0089451,0.97375709,20,6,2,2,1.00194008
1.001999319,1.004685329,0.989550386,21,6,2,3,0.994413078
0.994442638,1.001709224,0.885080705,22,6,2,4,0.900047561
0.899973247,1.033657022,0.9963007,23,6,2,5,1.018513014
1.018612102,1.013035231,0.937969163,24,6,2,6,0.997843675
0.997924739,1.028610421,0.991324268,25,6,2,0,1.01649039
1.01653913,1.001726094,0.968530742,26,6,2,1,0.972062843
0.971903019,1.017463946,0.990840473,27,6,2,2,1.012135962
1.012135962,1.003818096,0.951112122,28,6,2,3,0.955905051
0.95585631,1.068279168,0.989002584,29,6,2,4,1.05610892
1.056125918,1.045884701,0.998487141,30,6,2,5,1.02985483
1.029790453,1.007282957,0.982214582,1,7,2,6,0.995045714
0.99227944,1.052117623,0.988329055,2,7,2,0,1.042588713
1.042446961,1.008763183,0.984120509,3,7,2,1,0.984120509
0.984165836,1.040022721,0.989023304,4,7,2,2,1.01298781
1.012926402,1.014489239,0.980009094,5,7,2,3,0.992194604
0.992194604,1.014007485,0.986527152,6,7,2,4,1.010876041
1.010876041,1.028438884,0.986913882,7,7,2,5,1.022334044
1.022318933,1.002749283,0.989490644,8,7,2,6,0.992520767
0.992565111,1.011719855,0.988473738,9,7,2,0,0.992851931
0.993045524,1.002759283,0.943479695,10,7,2,1,0.945834083
0.945834083,1.016251268,0.998319381,11,7,2,2,1.01298516
1.01298516,1.000046955,0.952998075,12,7,2,3,0.978322455
0.978353759,1.0132783,0.982994177,13,7,2,4,0.996704422
0.996592436,1.013484228,0.994060519,14,7,2,5,1.004061321
1.004061321,1.023150221,0.997394001,15,7,2,6,1.017282727
1.017266739,1.060727981,0.997061042,16,7,2,0,1.057694726
1.057679009,1.10749205,0.990519778,17,7,2,1,1.087996672
1.087937234,1.035456731,0.990125109,18,7,2,2,1.008468094
1.008509069,1.023632498,0.987120627,19,7,2,3,1.012676228
1.012689771,1.027548946,0.975179202,20,7,2,4,0.981518134
0.981504761,1.016554712,0.984221929,21,7,2,5,1.009455943
1.009496818,1.022445674,0.991186395,22,7,2,6,1.000445404
1.000458901,1.053585883,0.995521019,23,7,2,0,1.041902758
1.041916248,1.097978791,0.997254988,24,7,2,1,1.088552524
1.088280613,1.009482564,0.959214268,25,7,2,2,0.972492237
0.972516032,1.015953217,0.96171962,26,7,2,3,0.971017507
0.971005273,1.042447303,0.9837972,27,7,2,4,1.031561441
1.031485845,1.005777593,0.986637025,28,7,2,5,1.005777593
1.005460009,1.005333171,0.985640527,29,7,2,6,0.998068396
0.99795906,1.00575797,0.958574263,30,7,2,0,0.99542284
0.995337626,1.00001223,0.935595127,31,7,2,1,0.945330463
0.94522039,1.003195963,0.963861034,1,8,2,2,0.984201333
0.984201333,1.012489483,0.982146613,2,8,2,3,0.990692049
0.990692049,1,0.967872499,3,8,2,4,0.98452678
0.984513509,1.008801844,0.936756123,4,8,2,5,0.945463613
0.945423176,1.010493299,0.982021671,5,8,2,6,1.001867693
1.001967494,1.016477418,0.975056205,6,8,2,0,0.98801901
0.98801901,1.029682009,0.963462757,7,8,2,1,0.96850337
0.968546575,1,0.912805567,8,8,2,2,0.934336525
0.934351395,1.053551252,0.986202397,9,8,2,3,1.0405971
1.0407085,1.004694549,0.924137931,10,8,2,4,0.94079058
0.940867039,1.051488753,0.976758549,11,8,2,5,1.012807177
1.012888441,1.035445516,0.99000337,12,8,2,6,1.012981178
1.012981178,1.033438936,0.975700935,13,8,2,0,0.99086013
0.99086013,1,0.942928397,14,8,2,1,0.989592825
0.989592825,1.065038286,0.998012988,15,8,2,2,1.010775096
1.010775096,1.034202241,0.998865253,16,8,2,3,1.007959213
1.007959213,1.043604421,0.997637433,17,8,2,4,1.043604421
1.043620277,1.006776262,0.956501261,18,8,2,5,0.969202954
0.969202954,1.024407832,0.990108322,19,8,2,6,1.016052421
1.014908059,1.00651818,0.966281548,20,8,2,0,0.968165951
0.968165951,1.034460203,0.998292944,21,8,2,1,1.034157081
1.034157081,1.055320724,0.972632748,22,8,2,2,0.981086668
0.981132949,1.029921854,0.999889935,23,8,2,3,1.025362034
1.025362034,1.030669202,0.992578053,24,8,2,4,1.024412685
1.024443354,1.015387839,0.996212915,25,8,2,5,1.008113044
1.008128012,1.023430192,0.975975887,26,8,2,6,0.996703737
0.996703737,1.028334351,0.990719085,27,8,2,0,1.027544803
1.027544803,1.033649385,0.994722802,28,8,2,1,1.0256611
1.0256611,1.006615215,0.979094224,29,8,2,2,0.993568541
0.993582676,1.002987538,0.967108633,30,8,2,3,0.994949639
0.994949639,1.012368274,0.95771909,31,8,2,4,1.005733732
1.005533552,1.03297594,0.998293612,1,9,2,5,1.022353677
1.022353677,1.020195838,0.989943808,2,9,2,6,1.014507066
1.013936798,1.005610579,0.985321957,3,9,2,0,0.996488244
0.996488244,1.020057267,0.995911456,4,9,2,1,1.015597038
1.015597038,1.004066418,0.907055236,5,9,2,2,0.909088445
0.909088445,1.003891573,0.944981213,6,9,2,3,0.971253057
0.971267967,1.004068098,0.969619748,7,9,2,4,0.98108718
0.98108718,1.01461453,0.959536216,8,9,2,5,0.967672785
0.967672785,1.040150057,0.994259658,9,9,2,6,1.008764129
1.008764129,1.019235393,0.999807646,10,9,2,0,1.013224333
1.013176244,1.011248754,0.979258626,11,9,2,1,0.995759963
0.995759963,1.009469486,0.985795771,12,9,2,2,1.007006784
1.007006784,1.083512149,0.999968444,13,9,2,3,1.022862102
1.022862102,1.014885314,0.989078962,14,9,2,4,1.000123402
0.999953724,1.012387005,0.998102613,15,9,2,5,1.005615031
1.005615031,1.000276116,0.982696733,16,9,2,6,0.997116122
0.997116122,1.005122919,0.956262884,17,9,2,0,0.961801175
0.961801175,1.021897343,0.996305123,18,9,2,1,1.014411619
1.014411619,1.021554715,0.968858404,19,9,2,2,1.007631662
1.007631662,1.023018903,0.993114672,20,9,2,3,1.015460691
1.015726715,1.044616309,0.999830532,21,9,2,4,1.042490256
1.042490256,1.009842316,0.980610933,22,9,2,5,0.994517268
0.994517268,1.008886115,0.990608654,23,9,2,6,0.99621077
0.997577865,1.002204579,0.97703067,24,9,2,0,0.980754621
0.981722849,1,0.906897703,25,9,2,1,0.977923103
0.977604467,1.016902064,0.990858296,26,9,2,2,1.003895701
1.003212789,1.042483407,0.994600616,27,9,2,3,1.034887139
1.034345653,1.018472262,0.977997816,28,9,2,4,0.992566223
0.99225212,1.002185743,0.974449419,29,9,2,5,0.995477773
0.995477773,1.010599797,0.989339633,30,9,2,6,1.004739624
1.004739624,1.005953099,0.915224861,1,10,2,0,0.995930793
0.995930793,1.005674768,0.913244151,2,10,2,1,0.991177628
0.991177628,1.002076368,0.981633307,3,10,2,2,0.993572421
0.993786165,1.022091809,0.996712346,4,10,2,3,1.011522153
1.011522153,1.014899304,0.992922451,5,10,2,4,1.008338143
1.008338143,1.003373951,0.986639755,6,10,2,5,0.993553343
0.993553343,1.005700165,0.98900899,7,10,2,6,1.002228522
1.002228522,1.01338678,0.99680835,8,10,2,0,1.008864015
1.008864015,1.001394386,0.991558714,9,10,2,1,0.99718124
0.997151253,1.000436051,0.981264848,10,10,2,2,0.995098187
0.995098187,1.000679964,0.937775763,11,10,2,3,0.942747053
0.942762164,1.016925247,0.994807027,12,10,2,4,1.00835043
1.00835043,1.006040087,0.998648928,13,10,2,5,1.00483207
1.004816175,1.010962415,0.996583144,14,10,2,6,1.000822577
1.000822577,1.163052412,0.995795663,15,10,2,0,1.058955554
1.060947082,1.018517967,0.990018473,16,10,2,1,0.998942256
1.000968357,1.004018515,0.987929572,17,10,2,2,0.995192665
0.995713584,1.006905726,0.976158802,18,10,2,3,0.982660947
0.983004738,1.004075178,0.989431908,19,10,2,4,0.990207408
0.990161791,1.012592718,0.997573598,20,10,2,5,1.009290969
1.009859177,1.010219134,0.998798644,21,10,2,6,1.0010797
1.0010797,1.004511621,0.991873006,22,10,2,0,0.995868145
0.996293483,1.002287073,0.991141402,23,10,2,1,0.9954411
0.995822279,1.009584762,0.998683244,24,10,2,2,0.999923444
1.000199045,1.001882893,0.993723689,25,10,2,3,0.996096441
0.996096441,1.009758721,0.998693714,26,10,2,4,1.000461042
1.000461042,1.003686636,0.994423963,27,10,2,5,0.997572965
0.997634409,1.001170203,0.994857266,28,10,2,6,0.99869122
0.99869122,1.001896363,0.97292672,29,10,2,0,0.976704029
0.976966128,1.021020405,0.996812221,30,10,2,1,0.998264081
0.998611265,1.012294758,0.988922075,31,10,2,2,1.006005152
1.006005152,1.008781162,0.998162082,1,11,2,3,1.005435209
1.005435209,1.006843215,0.998500117,2,11,2,4,1.003780955
1.003749707,1.000778271,0.987812281,3,11,2,5,0.994038447
0.994038447,1.019213304,0.995850427,4,11,2,6,1.014406063
1.014406063,1.001698003,0.99282208,5,11,2,0,0.997144268
0.997252323,1.007615628,0.997089963,6,11,2,1,1.006563061
1.006609498,1.014024081,0.99983085,7,11,2,2,1.009564669
1.009564669,1.001827792,0.98492072,8,11,2,3,0.986093552
0.986063089,1.003444654,0.987055516,9,11,2,4,0.990453829
0.990438382,1.007766809,0.999968808,10,11,2,5,1.002370592
1.002370592,1.003827543,0.989404241,11,11,2,6,1.002956232
1.002785082,1.004794414,0.994476338,12,11,2,0,0.99844841
0.99844841,1.004941725,0.992494172,13,11,2,1,0.999098679
0.999052059,1.003795362,0.874053104,14,11,2,2,0.908771329
0.910575682,1.004185173,0.919730099,15,11,2,3,0.976921763
0.97770755,1.004228182,0.967886783,16,11,2,4,0.984747095
0.984747095,1.001650048,0.986728647,17,11,2,5,0.997445087
0.997303148,1.019017968,0.999021526,18,11,2,6,1.00663583
1.007009429,1.000370999,0.853490919,19,11,2,0,0.862801215
0.862765882,1.026578753,0.874825948,20,11,2,1,0.926488656
0.926161029,1.048795048,0.971258015,21,11,2,2,1.025580367
1.027282777,1.010610365,0.93549845,22,11,2,3,0.9375
0.93855458,1.021715701,0.968538604,23,11,2,4,1.008507418
1.008346901,1.022127214,0.869056012,24,11,2,5,0.891547086
0.891524344,1.070938449,0.927020891,25,11,2,6,1.036196209
1.03589011,1.029056883,0.906131495,26,11,2,0,0.944841172
0.94565378,1.020909825,0.960289561,27,11,2,1,1.006822384
1.006796344,1.135888682,1,28,11,2,2,1.103196772
1.103222636,1.040933068,0.970718556,29,11,2,3,1.007267612
1.007337944,1.010193632,0.920336064,30,11,2,4,0.940164774
0.939932042,1.064476193,0.982271523,1,12,2,5,1.038997697
1.038997697,1.028573471,0.978337543,2,12,2,6,0.991468471
0.99144464,1.004014134,0.922986323,3,12,2,0,0.936903589
0.93740836,1.04692428,0.976768635,4,12,2,1,1.015026026
1.01492346,1.004042344,0.951264496,5,12,2,2,0.952881433
0.952830904,1.030704778,0.929548709,6,12,2,3,0.930317654
0.9303972,1.033543276,0.926729174,7,12,2,4,0.975291402
0.975319901,1.024953978,0.965111183,8,12,2,5,1.002366829
1.002337609,1.07209282,0.99822173,9,12,2,6,1.039996502
1.03982159,1.01555973,0.956769183,10,12,2,0,0.970170176
0.97014214,1.00736909,0.968067275,11,12,2,1,0.984770547
0.979713328,1.035396142,0.996814347,12,12,2,2,1.02238806
1.022417556,1.002365703,0.947666032,13,12,2,3,0.956465293
0.956494143,1.006394402,0.964921276,14,12,2,4,0.979610303
0.979610303,1.010622575,0.978200628,15,12,2,5,0.994119096
0.994088306,1.023663507,0.999163724,16,12,2,6,1.005977823
1.006101716,1.107471601,0.998399163,17,12,2,0,1.085521657
1.085490872,1.044554736,0.980402723,18,12,2,1,1.040272263
1.040300624,1.069954472,0.994384014,19,12,2,2,1.005179793
1.005207055,1.122884574,0.994196138,20,12,2,3,1.105445867
1.1052289,1.019115626,0.929255006,21,12,2,4,0.944959757
0.944959757,1.032797528,0.987743125,22,12,2,5,1.02947363
1.029447662,1.018363898,0.984940595,23,12,2,6,0.994980198
0.995005423,1.06685258,0.999340854,24,12,2,0,1.020687033
1.020560274,1.001266892,0.913280008,25,12,2,1,0.934643283
0.934717806,1.02102158,0.978074838,26,12,2,2,1.00821197
1.008132242,1.00769758,0.938682976,27,12,2,3,0.945563347
0.94561607,1.087312871,0.993978423,28,12,2,4,1.076524212
1.076524212,1.009840481,0.957116221,29,12,2,5,0.959912989
0.960275533,1.034922604,0.993069414,30,12,2,6,1.028801036
1.028828003,1.001179523,0.959031218,31,12,2,0,0.972294304
0.972320516,1.028251786,0.987842027,1,1,3,1,1.026930853
1.027011727,1.022337717,0.989080505,2,1,3,2,1.016825472
1.016904218,1.000438812,0.968741127,3,1,3,3,0.9757363
0.97583955,1.011479963,0.983996826,4,1,3,4,1.005872239
1.005898691,1.011544125,0.991111812,5,1,3,5,0.995424424
0.995503313,1.065615342,0.992815067,6,1,3,6,1.057690784
1.057743614,1.005918637,0.985315786,7,1,3,0,0.99540494
0.995379967,1.021250439,0.989286969,8,1,3,1,0.996286818
0.996286818,1.010878872,0.996600353,9,1,3,2,1.00176278
1.001989423,1.007238181,0.89524743,10,1,3,3,0.905702581
0.905602051,1.014542225,0.98884356,11,1,3,4,1.003663309
1.003691061,1.004783498,0.984709396,12,1,3,5,0.994635846
0.994663496,1.005643121,0.965501904,13,1,3,6,0.970227671
0.970283268,1.052028421,1,14,1,3,0,1.042316067
1.042144167,1.006405498,0.974762887,15,1,3,1,0.981800687
0.981608247,1.020584776,0.997423402,16,1,3,2,1.004873131
1.004901137,1.013544773,0.990719322,17,1,3,3,1.010674173
1.010646303,1.000441221,0.986046383,18,1,3,4,0.994291702
0.994346855,1.030340008,0.999528537,19,1,3,5,1.01996783
1.0195241,1.006229258,0.95313095,20,1,3,6,0.963576519
0.963685327,1.00527846,0.989471307,21,1,3,0,0.998306376
0.998362831,1.020074076,0.97972801,22,1,3,1,1.012214086
1.012214086,1.007876875,0.986788079,23,1,3,2,0.994804614
0.994776682,1.007188184,0.993906891,24,1,3,3,1.003622171
1.003622171,1.002322133,0.991019221,25,1,3,4,0.999356517
0.999356517,1.022536394,0.995548712,26,1,3,5,0.999692049
0.999692049,1.00344451,0.982721443,27,1,3,6,0.995715366
0.995771374,1.001518646,0.95497497,28,1,3,0,0.968220935
0.968220935,1.002120367,0.978331591,29,1,3,1,0.991867085
0.991808993,1.018860189,0.994025655,30,1,3,2,1.013295847
1.013295847,1.007138728,0.990462428,31,1,3,3,0.993410405
0.993554913,1.013962824,0.993484015,1,2,3,4,1.008784943
1.008784943,1.013437527,0.994203985,2,2,3,5,1.00997722
1.009919548,1.001570397,0.979727608,3,2,3,6,0.987665249
0.987636696,1.005984389,0.99366869,4,2,3,0,1.001098583
1.001156404,1.006612763,0.99633266,5,2,3,1,1.001559342
1.001588218,1.002738936,0.975609053,6,2,3,2,0.981490558
0.981663543,1.004963435,0.995712062,7,2,3,3,0.9978854
0.997767923,1.095310982,0.995643599,8,2,3,4,1.077826509
1.077797074,1.003741534,0.992243828,9,2,3,5,0.999945379
0.999836137,1.005353728,0.988008741,10,2,3,6,1.004916689
1.00486206,1.000625204,0.985049473,11,2,3,0,0.987224095
0.987224095,1.006773501,0.989702076,12,2,3,1,1.000055069
1.000055069,1.008672907,0.990969163,13,2,3,2,0.994355727
0.994355727,1.003599612,0.991333241,14,2,3,3,0.994766717
0.994766717,1.015504092,0.996882481,15,2,3,4,1.003368034
1.003368034,1.01031986,0.998612922,16,2,3,5,1.003356729
1.003356729,1.020211236,0.997539261,17,2,3,6,1.013105508
1.013105508,1.065362153,0.997516511,18,2,3,0,1.063260739
1.063369903,1.024997434,0.991607638,19,2,3,1,1.004593984
1.004593984,1.017704315,0.991543826,20,2,3,2,1.014843012
1.014740822,1.009944612,0.984189325,21,2,3,3,0.991087613
0.991289023,1.011606644,0.998552344,22,2,3,4,1.007060497
1.007060497,1.047261172,0.993493393,23,2,3,5,1.039140523
1.039165742,1.017886179,0.907341342,24,2,3,6,0.91134571
0.911467055,1.030620124,0.999494102,25,2,3,0,1.020768432
1.02071518,1.003130299,0.984739794,26,2,3,1,0.993948089
0.993948089,1.006849854,0.971550797,27,2,3,2,1.00112852
1.00112852,1.018114612,0.991794684,28,2,3,3,1.000524301
1.000550516,1.010244452,0.999921398,1,3,3,4,1.001362434
1.001362434,1.005573144,0.989978806,2,3,3,5,1.00031398
1.000340145,1.003504917,0.991237707,3,3,3,6,0.996416614
0.996468927,1.004908523,0.966427803,4,3,3,0,0.975378639
0.975378639,1.042331602,0.997255039,5,3,3,1,1.038025781
1.038025781,1.007803588,0.989500156,6,3,3,2,1.001503681
1.001529607,1.011467474,0.996065336,7,3,3,3,1.003106314
1.003106314,1.013909318,0.983381074,8,3,3,4,0.997625868
0.99754845,1.025455298,0.998473717,9,3,3,5,1.020359065
1.020384934,1.000025352,0.986005476,10,3,3,6,0.9925971
0.9925971,1.00518492,0.981405803,11,3,3,0,0.988531876
0.988531876,1.007699662,0.986254296,12,3,3,1,1.004056533
1.004030695,1.002264598,0.990092385,13,3,3,2,0.994647315
0.994647315,1.012832786,0.990504773,14,3,3,3,1.003596285
1.003596285,1.014617169,0.998917247,15,3,3,4,1.011678268
1.011704047,1.032157782,0.999821629,16,3,3,5,1.020894914
1.020894914,1.000848642,0.987495008,17,3,3,6,0.993784944
0.993784944,1.01275901,0.994223283,18,3,3,0,1.002185106
1.002185106,1.009949376,0.995539071,19,3,3,1,1.006716455
1.006716455,1.008215086,0.992108539,20,3,3,2,1.006024396
1.006024396,1.005641889,0.970949223,21,3,3,3,0.985400376
0.985400376,1.005901261,0.997388378,22,3,3,4,1.002059163
1.002059163,1.00696672,0.997594226,23,3,3,5,1.003032277
1.003057338,1.000774497,0.991105781,24,3,3,6,0.998026283
0.998051267,1.001426855,0.975743467,25,3,3,0,0.985531191
0.985556223,1.003454319,0.990551421,26,3,3,1,1.001447766
1.001447766,1.0254895,0.998326063,27,3,3,2,1.025083697
1.025083697,1,0.991760893,28,3,3,3,0.996016528
0.99604127,1.02419455,0.999229948,29,3,3,4,1.019002906
1.019375512,1.008382679,0.988644394,30,3,3,5,1.001973828
1.001973828,1.002456345,0.992801206,31,3,3,6,0.997689576
0.997689576,1.013845891,0.993783975,1,4,3,0,1.010433172
1.010433172,1.182022147,0.999614002,2,4,3,1,1.172299824
1.172299824,1.08624699,0.99067767,3,4,3,2,1.022513531
1.022513531,1.01485298,0.96387385,4,4,3,3,0.986656469
0.986676595,1.025884753,0.997103519,5,4,3,4,1.021968383
1.021927588,1.03760479,0.98760479,6,4,3,5,1.007225549
1.007205589,1.034363172,0.997542657,7,4,3,6,1.025267038
1.025247221,1.024567507,0.97815792,8,4,3,0,1.01385909
1.013820431,1.000171592,0.971439466,9,4,3,1,0.983489037
0.983489037,1.047631048,0.996995192,10,4,3,2,1.028962469
1.028943083,1.005520282,0.932230533,11,4,3,3,0.946285585
0.946304426,1.011507755,0.97342067,12,4,3,4,1.006271527
1.006271527,1.007755926,0.991571366,13,4,3,5,0.999525147
0.999564718,1.020091053,0.99182502,14,4,3,6,1.016389549
1.016448931,1.006406886,0.966719246,15,4,3,0,0.979980916
0.979805651,1.033191557,0.996621219,16,4,3,1,1.0297134
1.029951902,1.009417032,0.996796665,17,4,3,2,1.005055865
1.005055865,1.016281704,0.999366396,18,4,3,3,1.010828869
1.010848069,1.003342957,0.986191308,19,4,3,4,0.99547941
0.99547941,1.016409082,0.999847357,20,4,3,5,1.009387521
1.009387521,1.003402518,0.981021511,21,4,3,6,0.991172356
0.992060792,1.023246065,0.985137762,22,4,3,0,1.01876834
1.018730231,1.046366782,0.989694192,23,4,3,1,1.030880015
1.0308052,1.014225577,0.970169836,24,4,3,2,0.982653506
0.982653506,1.020791787,0.948629884,25,4,3,3,0.961869414
0.961887879,1.049930891,0.990420794,26,4,3,4,1.017104354
1.017085157,1.003755993,0.986259484,27,4,3,5,0.99390359
0.993865841,1.012685873,0.994055871,28,4,3,6,1.006950643
1.006969634,1.003866174,0.978594599,29,4,3,0,0.987288775
0.987364212,1.019329946,0.992455209,30,4,3,1,1.01631203
1.016369332,1.014132416,0.99969931,1,5,3,2,1.01185845
1.011933623,1.027151506,0.997288564,2,5,3,3,1.020280058
1.020242915,1.063819717,0.997287753,3,5,3,4,1.049730596
1.049949032,1.022746186,0.971740638,4,5,3,5,1.010904993
1.010887656,1.001269123,0.978973726,5,5,3,6,0.990412979
0.99044728,1.004554034,0.974961473,6,5,3,0,0.994805285
0.994874548,1.047741711,1,7,5,3,1,1.018101123
1.018083718,1.027678052,0.991400827,8,5,3,2,1.024087941
1.024122132,1.035973625,0.999916535,9,5,3,3,1.033553126
1.034020533,1.043959769,0.994107486,10,5,3,4,1.030947807
1.03104467,1.154573639,0.999984342,11,5,3,5,1.125841606
1.125794633,1.045744089,0.946119611,12,5,3,6,0.971460362
0.971446453,1.153707389,0.986885621,13,5,3,0,1.11758558
1.117642848,1.066291761,0.983039557,14,5,3,1,1.024108424
1.024134044,1.02883124,0.982701256,15,5,3,2,1.021238805
1.021263821,1.015738291,0.945571233,16,5,3,3,0.964114247
0.964126494,1.006618478,0.889061091,17,5,3,4,0.93490771
0.934958523,1.013396921,0.976833924,18,5,3,5,0.986779712
0.986684602,1.136534516,0.998678032,19,5,3,6,1.123287294
1.12317713,1,0.932274042,20,5,3,0,0.976570546
0.976533765,1.011525424,0.98094162,21,5,3,1,0.99564344
0.995442561,1.008866523,0.951719702,22,5,3,2,0.963045644
0.96323483,1.039530194,0.980306919,23,5,3,3,1.028138585
1.028230241,1.034548187,0.990143643,24,5,3,4,1.014937347
1.015102893,1.014890734,0.993439045,25,5,3,5,1.007025115
1.007301101,1.085807512,0.979687656,26,5,3,6,1.074798246
1.074636346,1.031742169,0.997496784,27,5,3,0,1.015204719
1.015123596,1.003961459,0.978240519,28,5,3,1,0.995079572
0.994999658,1.003625683,0.967839277,29,5,3,2,0.992220845
0.992220845,1.04603483,0.931416083,30,5,3,3,0.956532297
0.956474479,1.037164204,0.983509442,31,5,3,4,1.034685785
1.034516527,1.006883334,0.987974617,1,6,3,5,0.998691115
0.998702801,1.030646633,0.998712818,2,6,3,6,1.021390625
1.021390625,1.000721765,0.928293197,3,6,3,0,0.930825104
0.930057512,1,0.923122405,4,6,3,1,0.946711669
0.946723987,1.025944624,0.987613199,5,6,3,2,1.012165608
1.012230665,1.010514679,0.961540439,6,6,3,3,1.000681269
1.000796956,1.040278456,0.995324822,7,6,3,4,1.025610727
1.025623571,1.0074011,0.973100572,8,6,3,5,0.989493194
0.98951824,1.004543384,0.951313658,9,6,3,6,0.966259998
0.966259998,1.049482646,0.985409299,10,6,3,0,1.046208251
1.046208251,1.002829315,0.965785323,11,6,3,1,0.987505947
0.987505947,1.03931288,0.989579108,12,6,3,2,1.031072515
1.030983773,1.021359008,0.98723624,13,6,3,3,1.010648763
1.010599577,1.056785827,0.99204244,14,6,3,4,1.053232911
1.053196408,1.023209871,0.991508584,15,6,3,5,1.018103468
1.018068809,1.058986405,0.995336011,16,6,3,6,1.0170559
1.016885681,1.053241826,0.999866086,17,6,3,0,1.039928579
1.039939739,1.001845711,0.961776605,18,6,3,1,0.974428312
0.974439043,1.023610515,0.995958461,19,6,3,2,1.019238605
1.019194555,1.035537547,0.99280389,20,6,3,3,1.028309022
1.028384657,1.070037929,0.99996848,21,6,3,4,1.069512592
1.069386511,1.096520962,0.985576876,22,6,3,5,1.053408789
1.053389139,1.059674486,0.984731614,23,6,3,6,1.016378305
1.016396959,1.019922366,0.974791921,24,6,3,0,1.013682288
1.013700641,1.071270798,0.99883222,25,6,3,1,1.069098184
1.069252078,1.179332182,0.994556199,26,6,3,2,1.106014426
1.105895899,1.027529397,0.803336293,27,6,3,3,0.864144415
0.864190348,1.103947415,0.971838347,28,6,3,4,1.099278906
1.099181461,1.001200838,0.926079948,29,6,3,5,0.959582527
0.959542231,1.022954813,0.904199563,30,6,3,6,0.908667899
0.908903074,1.040022548,0.927939084,1,7,3,0,0.981074537
0.980972887,1.029014177,0.916442937,2,7,3,1,1.020762093
1.020762093,1.101136039,1,3,7,3,2,1.098275178
1.098136749,1.004092678,0.931743884,4,7,3,3,0.938130814
0.937845083,1.019901969,0.968690915,5,7,3,4,0.983019257
0.982983414,1.062024832,0.999826797,6,7,3,5,1.027183723
1.027174607,1.02278153,0.985818121,7,7,3,6,1.013134657
1.013125782,1.080283467,0.990276634,8,7,3,0,1.073301915
1.073126719,1.042634646,0.988620966,9,7,3,1,1.023745776
1.023851893,1.047166502,0.924426763,10,7,3,2,0.965541984
0.965621711,1,0.910614617,11,7,3,3,0.936482381
0.936597972,1.04740076,0.979380625,12,7,3,4,1.036883909
1.036945617,1.00302649,0.921498283,13,7,3,5,0.96617302
0.966122012,1.007426766,0.891291149,14,7,3,6,0.897556383
0.897538784,1.084785145,0.969166364,15,7,3,0,1.063333954
1.063147678,1.016184065,0.864561048,16,7,3,1,0.869125784
0.869153449,1.059256666,0.963660863,17,7,3,2,1.031628312
1.031617702,1.10943012,0.965741379,18,7,3,3,1.095473666
1.095494235,1.010026663,0.953913027,19,7,3,4,0.992480003
0.992517556,1.055212403,0.989604518,20,7,3,5,1.024101628
1.024130005,1.005246144,0.964486931,21,7,3,6,0.989600074
0.989664727,1.008511353,0.951601012,22,7,3,0,0.97175948
0.971787477,1.000182468,0.947430086,23,7,3,1,0.949667717
0.949523663,1.005876284,0.969334089,24,7,3,2,0.991615422
0.991655878,1.04067437,0.997134028,25,7,3,3,1.014340061
1.014329862,1.049360496,0.977778225,26,7,3,4,0.988517074
0.988456743,1.040883382,0.955108643,27,7,3,5,0.965586344
0.965484619,1.032388237,0.990517432,28,7,3,6,1.024939154
1.025012907,1.010988333,0.976769286,29,7,3,0,0.984828082
0.984735571,1.012839248,0.989874739,30,7,3,1,1.000073069
1.000031315,1.054246735,0.998131583,31,7,3,2,1.05236788
1.052357442,1.037403664,0.981025402,1,8,3,3,1.029567839
1.029617433,1.027387891,0.995183276,2,8,3,4,1.013448292
1.013429026,1.035523151,0.998536108,3,8,3,5,1.028118138
1.028156161,1.018638881,0.977135936,4,8,3,6,1.01095589
1.010974381,1.090308007,1,5,8,3,0,1.080659911
1.080733072,1.040135053,0.950869889,6,8,3,1,0.971508597
0.971517059,1.05517812,0.993502308,7,8,3,2,1.046415817
1.046590018,1.01836733,0.975956857,8,8,3,3,1.014622292
1.014489135,1.002895816,0.974979491,9,8,3,4,0.991780148
0.991837572,1.007816054,0.933096233,10,8,3,5,0.935817377
0.935825648,1.036572216,0.985107737,11,8,3,6,1.017906068
1.016836654,1.000304213,0.979330905,12,8,3,0,0.990360797
0.990430331,1.004440544,0.947187363,13,8,3,1,0.955936814
0.9560509,1.000027538,0.914752804,14,8,3,2,0.92245415
0.922812139,1.039280634,0.952930878,15,8,3,3,1.024877403
1.024628729,1.04204487,0.950266482,16,8,3,4,1.003368638
1.00335893,1.012113589,0.969116153,17,8,3,5,0.988641091
0.988757196,1.026968579,0.987024552,18,8,3,6,1.009139569
1.009149355,1.059256458,0.995636491,19,8,3,0,1.057976495
1.058024979,1.002786128,0.969737517,20,8,3,1,0.985464477
0.985528631,1.004138265,0.921391573,21,8,3,2,0.943105837
0.943068639,1.007602726,0.964096597,22,8,3,3,0.996440228
0.996430368,1.032598046,0.981840493,23,8,3,4,1.028085384
1.028154658,1.002550677,0.954578705,24,8,3,5,0.975128496
0.975234373,1.017261969,0.980566714,25,8,3,6,1.000414524
1.000384915,1.042640095,1,26,8,3,0,1.023263615
1.023303078,1.001484738,0.969919593,27,8,3,1,0.981932473
0.981922832,1.008502951,0.945496676,28,8,3,2,0.955295689
0.955266233,1,0.960314931,29,8,3,3,0.975527027
0.975845659,1.019127669,0.98694979,30,8,3,4,1.009616499
1.009627032,1.00959783,0.986625632,31,8,3,5,1.000928486
1.000959783,1.021345118,0.993631901,1,9,3,6,1.014028578
1.013976466,1.072228846,0.999126305,2,9,3,0,1.063728312
1.06365636,1.039495173,0.993757308,3,9,3,1,1.025531257
1.025463612,1.016208677,0.978985261,4,9,3,2,0.995910136
0.995872441,1.005952043,0.990736009,5,9,3,3,0.999914836
0.99989591,1.031182867,0.967889691,6,9,3,4,0.975640455
0.975413327,1.024207085,0.999553697,7,9,3,5,1.014960851
1.015009363,1.011126405,0.981331727,8,9,3,6,0.994379445
0.994312533,1.007296604,0.970544409,9,9,3,0,0.991049884
0.991021044,1.006897087,0.967212161,10,9,3,1,0.980278794
0.980230291,1.015101584,0.98060347,11,9,3,2,1.005700205
1.005690309,1.028093757,0.989038023,12,9,3,3,1.024866173
1.024876014,1.002515554,0.976851141,13,9,3,4,0.992981412
0.992991013,1.007657945,0.991442826,14,9,3,5,0.999526213
0.999526213,1.002234626,0.99368307,15,9,3,6,0.997504184
0.997484836,1.004771464,0.980332257,16,9,3,0,0.994588461
0.994501178,1.001852827,0.99014101,17,9,3,1,0.994256236
0.994256236,1.006061379,0.992506645,18,9,3,2,0.996959503
0.996949694,1.013084627,0.955040041,19,9,3,3,1.008450898
1.008549279,1.002731308,0.984109642,20,9,3,4,0.99231332
0.992323075,1.000501337,0.977095785,21,9,3,5,0.982325417
0.982325417,1.008205744,0.987781447,22,9,3,6,1.003862704
1.003832683,1.00174454,0.962617009,23,9,3,0,0.967192687
0.967242531,1.009389139,0.831665413,24,9,3,1,0.877477403
0.877312501,1.025551261,0.968610129,25,9,3,2,0.990613583
0.99062533,1.003628817,0.921861844,26,9,3,3,0.956276312
0.956276312,1.024008532,0.977467199,27,9,3,4,1.015017734
1.014968129,1.013769931,0.981257255,28,9,3,5,1.002932372
1.002871281,1.002290448,0.965168129,29,9,3,6,0.980640838
0.980616472,1.03349526,0.96274025,30,9,3,0,1.029246232
1.029333201,1.024284852,0.988280024,1,10,3,1,1.002136391
1.002136391,1.008587568,0.983740229,2,10,3,2,1.007395185
1.007334963,1.003359797,0.967298771,3,10,3,3,0.983655364
0.98373906,1.000729253,0.977368856,4,10,3,4,0.990337401
0.990325247,1.004553265,0.985591556,5,10,3,5,0.997459499
0.997459499,1.002239366,0.964022492,6,10,3,6,0.96980547
0.9698916,1.052127471,0.989140639,7,10,3,0,1.040088296
1.04007561,1.015197902,0.990193328,8,10,3,1,0.998097213
0.997755687,1.058165548,0.992982971,9,10,3,2,1.047261036
1.047273261,1.00836952,0.985046925,10,10,3,3,0.999474716
0.999463043,1.022062087,0.963502371,11,10,3,4,0.965616314
0.965592955,1.01538536,0.999189608,12,10,3,5,1.00445111
1.004439015,1.017569211,0.986308298,13,10,3,6,0.997254434
0.997230351,1.011230121,0.992863439,14,10,3,0,1.008694287
1.008706363,1.005602509,0.97439366,15,10,3,1,0.977709675
0.977697704,1.002301919,0.970944399,16,10,3,2,0.979588838
0.979588838,1.014724264,0.99300035,17,10,3,3,1.009112044
1.009112044,1.005338585,0.971350006,18,10,3,4,0.984541637
0.984516864,1.014078482,0.99296705,19,10,3,5,1.001132318
1.001144899,1.041609068,0.991479629,20,10,3,6,1.033428004
1.033515973,1.011089359,0.991682981,21,10,3,0,0.998066658
0.997969383,1.009954431,0.976886712,22,10,3,1,0.978555937
0.978507201,1.00298842,0.912613622,23,10,3,2,0.931017308
0.930992404,1.003303552,0.98522095,24,10,3,3,0.992764284
0.992777659,1.171754594,0.997588511,25,10,3,4,1.166446624
1.166460096,1.217314977,0.931095814,26,10,3,5,1.066086113
1.066086113,1.058782744,0.983793036,27,10,3,6,1.032392261
1.032446428,1.035340657,0.965624705,28,10,3,0,0.966117879
0.966044428,1.035279422,0.991180144,29,10,3,1,1.022245153
1.022245153,1,0.958252314,30,10,3,2,0.973074921
0.973074921,1.02413217,0.978346564,31,10,3,3,0.999421265
0.999475862,1.01281533,0.989522675,1,11,3,4,1.00841245
1.008434301,1.013694029,0.99684734,2,11,3,5,1.00761622
1.007605387,1.006300737,0.977904414,3,11,3,6,0.989011343
0.989054352,1.032798113,0.992977269,4,11,3,0,1.021492167
1.021459554,1.006023776,0.978480433,5,11,3,1,0.990921765
0.990964336,1.012178881,0.994791219,6,11,3,2,1.002974912
1.003007131,1.0029767,0.977599794,7,11,3,3,0.987611359
0.987622066,1.003382627,0.94566113,8,11,3,4,0.951710829
0.951699987,1.011323635,0.9964457,9,11,3,5,1.003007485
1.003030269,1.032732518,0.995320681,10,11,3,6,1.026360921
1.026372278,1.003264394,0.957120251,11,11,3,0,0.966802775
0.966858104,1.011879964,0.986071371,12,11,3,1,1.008606679
1.00867535,1.001872192,0.989549766,13,11,3,2,0.996584668
0.996561975,1.001924194,0.980974393,14,11,3,3,0.986143529
0.986097986,1.01166174,0.974170977,15,11,3,4,0.978697118
0.978685572,1.006677521,0.996991576,16,11,3,5,1.002489323
1.002501121,1.015804834,0.99006755,17,11,3,6,1.00145927
1.001518111,1.000705028,0.953009882,18,11,3,0,0.96452534
0.964443087,1.004617615,0.978690742,19,11,3,1,0.992446118
0.992446118,1.009489669,0.991222363,20,11,3,2,0.994303743
0.994316019,1.003728671,0.928426797,21,11,3,3,0.941785811
0.941785811,1.009570131,0.893889537,22,11,3,4,0.953407884
0.953289896,1.009750261,0.975534958,23,11,3,5,1.007219869
1.007343638,1.002607509,0.941283276,24,11,3,6,0.945351536
0.945351536,1.061822173,0.943694312,25,11,3,0,1.027567981
1.02755354,1.030075188,0.990106106,26,11,3,1,1.00664746
1.00664746,1.0661892,0.959876026,27,11,3,2,1.04855643
1.04855643,1.01716241,0.98269113,28,11,3,3,0.988829122
0.988815807,1.053685401,0.998074489,29,11,3,4,1.042563219
1.042563219,1.005811926,0.965128444,30,11,3,5,0.974672918
0.974660002,1,0.959968197,1,12,3,6,0.980109985
0.980043729,1.005124461,0.969942806,2,12,3,0,0.986789978
0.986776457,1.012510105,0.990271441,3,12,3,1,0.999136762
0.999150464,1.056267914,0.975548211,4,12,3,2,0.988000384
0.988027812,1.037712017,0.997140716,5,12,3,3,1.027010521
1.027010521,1.020664396,0.990620608,6,12,3,4,1.017785707
1.017731647,1.008671518,0.994581961,7,12,3,5,0.997410496
0.997397217,1.00873409,0.987471375,8,12,3,6,1.001810726
1.001863983,1.013448862,0.97299596,9,12,3,0,0.977540931
0.977594089,1.005994943,0.977692287,10,12,3,1,0.98361926
0.983632854,1.006716604,0.990740485,11,12,3,2,0.996157992
0.996157992,1.008934517,0.988429523,12,12,3,3,1
1.000055494,1.011042672,0.998876311,13,12,3,4,1.006492426
1.006492426,1.001681553,0.970793362,14,12,3,5,0.975962069
0.975962069,1.013416563,0.993362332,15,12,3,6,1.006736527
1.006736527,1.003450936,0.962979589,16,12,3,0,0.968436557
0.968436557,1.005794162,0.952415441,17,12,3,1,0.957963352
0.957992323,1.117063582,0.977122552,18,12,3,2,1.100173887
1.100234369,1.010664614,0.967415205,19,12,3,3,0.984758947
0.984758947,1.007382597,0.991933571,20,12,3,4,1.00431233
1.00431233,1.00016675,0.990717581,21,12,3,5,0.994413874
0.994427769,1.048181323,0.998001761,22,12,3,6,1.047440717
1.047496611,1.025052693,0.970651797,23,12,3,0,0.97686828
0.97681492,1.015131651,0.981331258,24,12,3,1,0.992611712
0.992611712,1.037711707,0.983847667,25,12,3,2,0.994015107
0.994042623,1.026200692,0.993397924,26,12,3,3,0.998048443
0.998034602,1.011510512,0.988586565,27,12,3,4,1.007058856
1.007086592,1.015698371,0.999256393,28,12,3,5,1.008207218
1.008220989,1.026947662,0.997459572,29,12,3,6,1.010366587
1.010366587,1.003163231,0.979263265,30,12,3,0,0.981655965
0.981615411,1.009571025,0.987041245,31,12,3,1,0.99103491
0.99103491,1.008754377,0.997721083,1,1,4,2,1.000472458
1.000458563,1.001375057,0.958567718,2,1,4,3,0.967679209
0.967693098,1.062551133,0.988086865,3,1,4,4,1.053967935
1.054254998,1.011980776,0.992689004,4,1,4,5,1.004315802
1.004315802,1.016836569,0.995770524,5,1,4,6,0.999417091
0.999430647,1.055679136,0.99919974,6,1,4,0,1.05242384
1.05242384,1.054503744,0.999355595,7,1,4,1,1.051114176
1.050920854,1.034607932,0.96892399,8,1,4,2,0.988398617
0.988447671,1.00073201,0.96516129,9,1,4,3,0.973002481
0.973014888,1.043978323,0.9815365,10,1,4,4,1.04394007
1.044029327,1.009172183,0.978089352,11,1,4,5,0.980006839
0.979909133,1.020764523,0.993743223,12,1,4,6,1.020477858
1.020565104,1.001025854,0.985357156,13,1,4,0,0.990608551
0.990584126,1.097087977,1,14,1,4,1,1.088519578
1.088359306,1.008620397,0.975939918,15,1,4,2,0.998912539
0.998889883,1.003617559,0.975924519,16,1,4,3,0.989657636
0.989634955,1.031902094,0.994178785,17,1,4,4,1.021359735
1.021348276,1.00777516,0.988959946,18,1,4,5,1.000370246
1.000370246,1.029990018,0.959231968,19,1,4,6,0.976436414
0.976380337,1.003951434,0.980874599,20,1,4,0,0.992671468
0.992682955,1.0148461,0.986345753,21,1,4,1,1.010483684
1.01052997,1.008290393,0.9860071,22,1,4,2,0.993759304
0.993759304,1.001014,0.957492654,23,1,4,3,0.96849686
0.968473815,1.013932349,0.980689836,24,1,4,4,1.004164238
1.004164238,1.000912333,0.98072252,25,1,4,5,0.988352943
0.988352943,1.031912343,0.995600364,26,1,4,6,1.031912343
1.031948307,1.04356362,0.997386183,27,1,4,0,1.030029856
1.030029856,1.058974128,1,28,1,4,1,1.057598177
1.057598177,1.005481322,0.98652064,29,1,4,2,0.991639384
0.991660713,1.029024314,0.990332398,30,1,4,3,1.022389263
1.022496801,1.00175636,0.969921016,31,1,4,4,0.983256734
0.983277768,1.011712107,0.994887318,1,2,4,5,1.003454804
1.003444108,1.008943133,0.978851996,2,2,4,6,0.995032777
0.995000799,1.026589249,0.990197759,3,2,4,0,0.995929124
0.995918411,1.005485936,0.988963588,4,2,4,1,0.988963588
0.988985102,1.057939331,0.998455531,5,2,4,2,1.045431309
1.045431309,1.025291829,0.992124264,6,2,4,3,1.016667013
1.01665661,1.010294825,0.996602503,7,2,4,4,1.004779009
1.004645975,1.011601968,0.98532183,8,2,4,5,1.00796553
1.007955344,1.026446632,0.998716575,9,2,4,6,1.025880712
1.025880712,1.00297493,0.962892183,10,2,4,0,0.970703837
0.970693986,1.046691699,0.986919018,11,2,4,1,1.038106353
1.038086056,1.020167558,1,12,2,4,2,1.008641843
1.009052428,1.015568839,0.980139315,13,2,4,3,0.991590696
0.991629448,1.013375018,0.98922378,14,2,4,4,1.00952567
1.009818768,1.003270124,0.951209365,15,2,4,5,0.958562307
0.958533282,1.015039264,0.974514,16,2,4,6,1.002513273
1.002452712,1.001993616,0.953401734,17,2,4,0,0.976811623
0.976821692,1.05448642,0.989702623,18,2,4,1,1.04709581
1.047116425,1.007117122,0.927716418,19,2,4,2,0.945937432
0.946183529,1.00723062,0.983041854,20,2,4,3,0.999011642
0.998990834,1.015090292,0.997115244,21,2,4,4,1.008570952
1.008570952,1.002271671,0.988156332,22,2,4,5,0.997026176
0.99701585,1.032105721,0.999772153,23,2,4,6,1.02973404
1.029785824,1.003801593,0.956130823,24,2,4,0,0.971789766
0.971779709,1.001003871,0.959348416,25,2,4,1,0.964253928
0.964243578,1.005473806,0.930761718,26,2,4,2,0.944532097
0.944510631,1.019113419,0.970273065,27,2,4,3,1.002102249
1.002272701,1.008911464,0.958254442,28,2,4,4,0.986099931
0.98605458,1.011107151,0.981913511,29,2,4,5,0.982361937
0.982373435,1.022636298,0.987523116,1,3,4,6,0.999555233
0.999262623,1.049698389,0.995970717,2,3,4,0,1.043021962
1.043174231,1.000628783,0.973411482,3,3,4,1,0.983752709
0.983741481,1.009016927,0.990686314,4,3,4,2,0.99961193
0.99961193,1.044462714,0.999269231,5,3,4,3,1.034528825
1.03456308,1.011544489,0.993852504,6,3,4,4,1.008189303
1.008123082,1.005101706,0.968743842,7,3,4,5,0.973024458
0.973024458,1.000022503,0.901831724,8,3,4,6,0.903946984
0.904138257,1.015306503,0.951828069,9,3,4,0,0.987207248
0.987207248,1.02678684,0.975696458,10,3,4,1,0.994730871
0.994844321,1.010694239,0.963748559,11,3,4,2,1.005448486
1.005461157,1.003515979,0.572966025,12,3,4,3,0.608176227
0.606815203,1.232409869,0.803601097,13,3,4,4,1.159723376
1.160782522,1.008140409,0.907467707,14,3,4,5,0.927237271
0.927273053,1.131277856,0.987979702,15,3,4,6,1.035385595
1.035404889,1.0005404,0.834395498,16,3,4,0,0.937313655
0.937350924,1.080036579,0.983360503,17,3,4,1,1.045902747
1.045823228,1.021365978,0.954416713,18,3,4,2,1.019141939
1.018723744,1.190382893,0.980743395,19,3,4,3,1.151664428
1.15158979,1.111235336,0.931395424,20,3,4,4,1.005460496
1.005509106,1.037498389,0.948659275,21,3,4,5,0.996873791
0.996986593,1.033538606,0.932809646,22,3,4,6,0.941036707
0.941020543,1.127567846,0.980900034,23,3,4,0,1.11111302
1.111095843,1.053394756,0.98639624,24,3,4,1,1.042635419
1.042666337,1.027487842,0.959939509,25,3,4,2,0.99022951
0.990081248,1.014226029,0.979604367,26,3,4,3,1.00706809
1.007127989,1.013114267,0.940049067,27,3,4,4,0.947647015
0.947647015,1.000141212,0.948708696,28,3,4,5,0.978080773
0.978002322,1.00410704,0.944827697,29,3,4,6,0.945004171
0.945004171,1.116477659,0.996961157,30,3,4,0,1.08498574
1.085002716,1.019089046,0.992990252,31,3,4,1,1.003348406
1.00333276,1.03881542,0.960233298,1,4,4,2,1.035259809
1.035306593,1.081927457,0.989320359,2,4,4,3,1.024356811
1.024266434,1.033294607,0.974073148,3,4,4,4,0.990588097
0.990588097,1.033061655,0.991567571,4,4,4,5,1.018037679
1.018052525,1.004651841,0.974990886,5,4,4,6,0.987633977
0.98764856,1.083008505,0.999601347,6,4,4,0,1.082609851
1.082609851,1.014729348,0.968550114,7,4,4,1,0.979938082
0.979992635,1.029294701,0.995477065,8,4,4,2,1.024437764
1.024423848,1,0.970004483,9,4,4,3,0.990205268
0.990205268,1.000740842,0.926889834,10,4,4,4,0.941569488
0.941514611,1.010010637,0.985778192,11,4,4,5,1.000743148
1.000757719,1.04235647,0.987943913,12,4,4,6,1.007236564
1.007309367,1.000318006,0.956693312,13,4,4,0,0.988898686
0.98897096,1.018854687,0.989301061,14,4,4,1,1.001330059
1.001388523,1.011413892,0.965641557,15,4,4,2,0.967568199
0.967568199,1.080041031,0.983617686,16,4,4,3,1.068863043
1.068847958,1.008086938,0.988751676,17,4,4,4,0.992985675
0.992999788,1.031765659,0.999374636,18,4,4,5,1.027700792
1.027715004,1.000981897,0.979006763,19,4,4,6,0.9850641
0.9850641,1.011877185,0.950624044,20,4,4,0,0.959370481
0.959356442,1.012570609,0.991351304,21,4,4,1,1.001331694
1.001331694,1.043098283,0.99697479,22,4,4,2,1.03951772
1.039503106,1.076285007,0.98927286,23,4,4,3,1.052820268
1.053213924,1.01230761,0.990949501,24,4,4,4,1.001668602
1.001681951,1.024080811,0.992950332,25,4,4,5,1.004864137
1.004864137,1.018434035,0.997360883,26,4,4,6,1.018367726
1.018434035,1.011602469,0.994569888,27,4,4,0,1.011276923
1.011276923,1.000527942,0.985745558,28,4,4,1,0.997540561
0.997514808,1.151264409,0.997805517,29,4,4,2,1.132211135
1.132172409,1.076038127,0.960652635,30,4,4,3,0.983855152
0.983809546,1.047713418,0.999119208,1,5,4,4,1.022367476
1.022367476,1.018658747,0.994298087,2,5,4,5,1.01640292
1.016391584,1.022718655,0.975017287,3,5,4,6,0.990999532
0.990999532,1.006752574,0.962601992,4,5,4,0,0.998784537
0.998728265,1.023044331,0.991683757,5,5,4,1,1.014288612
1.014243537,1.041452792,0.991445015,6,5,4,2,1.016754439
1.016898873,1.09617927,0.990396277,7,5,4,3,1.090366777
1.090399554,1.003817597,0.97508041,8,5,4,4,0.982575325
0.982555285,1.010656741,0.972221089,9,5,4,5,0.974362635
0.97429125,1.001622374,0.864495128,10,5,4,6,0.914684056
0.914558453,1.044863578,0.942547153,11,5,4,0,0.981940121
0.980795642,1.046057084,0.996849401,12,5,4,1,1.028472076
1.028483745,1.064749997,0.998320834,13,5,4,2,1.055004028
1.055004028,1.063320679,0.996461871,14,5,4,3,1.051587856
1.051609365,1.004192829,0.943202503,15,5,4,4,0.952897143
0.952907369,1.02799927,0.990867237,16,5,4,5,1.006589326
1.006278104,1.052193759,0.994795555,17,5,4,6,1.032111853
1.032186507,1.026016697,0.984088279,18,5,4,0,1.005403786
1.005414118,1.015733547,0.976147902,19,5,4,1,1.004367575
1.004336745,1.005760769,0.958600225,20,5,4,2,0.973324465
0.973252839,1.00583498,0.928718617,21,5,4,3,0.952415997
0.952331889,1.021560575,0.988286856,22,5,4,4,1.012309289
1.012320329,1.014547755,0.992268097,23,5,4,5,1.000785186
1.000883334,1.012432038,0.950555138,24,5,4,6,0.951001863
0.950980072,1.026523831,0.992907883,25,5,4,0,1.019500458
1.019443171,1.010890455,0.979342976,26,5,4,1,0.99379615
0.993773672,1.041685987,0.997319702,27,5,4,2,1.040351492
1.040430657,1.044674884,0.99123894,28,5,4,3,1.040479141
1.040609578,1.002412936,0.977510602,29,5,4,4,0.984477824
0.984477824,1.03237204,0.99234997,30,5,4,5,1.028403786
1.028446227,1.000278554,0.970421649,31,5,4,6,0.975435628
0.975404678,1.0896187,0.99737691,1,6,4,0,1.077719604
1.077867682,1.001628936,0.917238266,2,6,4,1,0.934930868
0.934871991,1.01471607,0.988947203,3,6,4,2,1.01471607
1.01471607,1.020398875,0.981763075,4,6,4,3,1.013157895
1.013116518,1.005319583,0.98312232,5,6,4,4,0.983377578
0.983336737,1.010622171,0.991558334,6,6,4,5,1.004028741
1.004028741,1.012637544,0.973918259,7,6,4,6,1.007549433
1.007632167,1.004597984,0.991676417,8,6,4,0,1.003540858
1.003520332,1.008130746,0.983523733,9,6,4,1,0.999089765
0.999089765,1.020688314,0.994052494,10,6,4,2,1.011260339
1.011270576,1.006711274,0.92511312,11,6,4,3,0.939699764
0.939750377,1.028415395,0.996305352,12,6,4,4,1.019701197
1.019690425,1.001943696,0.989795595,13,6,4,5,1.000507051
1.00044367,1.000422355,0.978217027,14,6,4,6,0.986759162
0.98678028,1.015429886,0.955069285,15,6,4,0,1.008549569
1.00857097,1.016073247,0.995087846,16,6,4,1,1.010386607
1.010397216,1.002100046,0.972132387,17,6,4,2,0.993804864
0.993804864,1.001669379,0.981478351,18,6,4,3,0.99191725
0.992149695,1.00358881,0.985016453,19,6,4,4,0.991874594
0.991874594,1.008642903,0.987738888,20,6,4,5,1.004809963
1.004809963,1.005599008,0.992488353,21,6,4,6,0.993332479
0.993343164,1.048986178,0.998849029,22,6,4,0,1.041650083
1.041671597,1.003273475,0.989456727,23,6,4,1,0.993876434
0.993876434,1.004446938,0.958273591,24,6,4,2,0.966481724
0.966357043,1.002849217,0.970088595,25,6,4,3,0.99426931
0.99426931,1.005298729,0.979735064,26,6,4,4,0.990537983
0.990592052,1.00327493,0.967774685,27,6,4,5,0.983385186
0.983396103,1.019659429,0.993539363,28,6,4,6,1.012832467
1.012699258,1.011652124,0.9902223,29,6,4,0,1.006861928
1.006927698,1.001502286,0.987949053,30,6,4,1,0.994491618
0.994546048,1.016758064,0.996190851,1,7,4,2,1.010289079
1.010289079,1.003228637,0.970985601,2,7,4,3,0.984311856
0.984301022,1.003896533,0.99624656,3,7,4,4,0.998029719
0.998029719,1.012705275,0.998069945,4,7,4,5,1.007422439
1.00741141,1.001675005,0.977863657,5,7,4,6,0.994164851
0.994099165,1.031121977,0.99810581,6,7,4,0,1.028478922
1.028456896,1.003469396,0.986133122,7,7,4,1,0.991133765
0.991165889,1.021822975,0.997493599,8,7,4,2,1.018754794
1.018776401,1.000466591,0.973054368,9,7,4,3,0.97938516
0.979735104,1.007663167,0.988407836,10,7,4,4,1.004989718
1.005065483,1.001044606,0.989058563,11,7,4,5,0.994346206
0.994443128,1.011219164,0.993090901,12,7,4,6,1.007212319
1.007179831,1.003128864,0.99001129,13,7,4,0,0.993882049
0.993828289,1.003429585,0.988380522,14,7,4,1,1.001114345
1.001135983,1.001793896,0.990825192,15,7,4,2,0.994067174
0.994067174,1.002772131,0.984052094,16,7,4,3,0.993107722
0.993118593,1.005090089,0.995194518,17,7,4,4,1.002233071
1.002233071,1.004696477,0.996821687,18,7,4,5,1.001572774
1.001561852,1.005965039,0.993053511,19,7,4,6,1.004132997
1.004143902,1.00111858,0.992593477,20,7,4,0,0.995036978
0.995026118,1.028879212,0.999214171,21,7,4,1,1.024557153
1.024568067,1.014455547,0.990263545,22,7,4,2,1.013454205
1.013443552,1.013969475,0.993430457,23,7,4,3,1.009039691
1.008997645,1.002812734,0.987634386,24,7,4,4,0.994499542
0.994530794,1.019127028,0.998900144,25,7,4,5,1.016487373
1.015010422,1.040928793,0.995448916,26,7,4,6,1.0250258
1.02504644,1.144401824,0.996164185,27,7,4,0,1.109748608
1.103536803,1.007754696,0.992017225,28,7,4,1,0.995201212
0.995192088,1.039244986,0.98747754,29,7,4,2,1.018105313
1.018096146,1.005276522,0.978011489,30,7,4,3,0.999135587
0.9991626,1.030487091,0.988113369,31,7,4,4,1.021349074
1.02133105,1.045397593,0.990549889,1,8,4,5,1.041462252
1.041418134,1.021901954,0.909181028,2,8,4,6,0.937657804
0.937666277,1.035619731,0.992292331,3,8,4,0,1.014231628
1.014177412,1.016393735,0.983891374,4,8,4,1,0.996516331
0.996525241,1.052455118,0.993714684,5,8,4,2,1.049200701
1.04919176,1.013924159,0.985342991,6,8,4,3,1.001883255
1.001883255,1.012307457,0.965578246,7,8,4,4,0.985957421
0.985923399,1.018453018,0.99498775,8,8,4,5,1.01489872
1.014907347,1.002414063,0.979862976,9,8,4,6,0.992927816
0.992919316,1.030819015,0.988511356,10,8,4,0,1.017815103
1.017815103,1.003583084,0.937548363,11,8,4,1,0.958045958
0.958045958,1.018875544,0.982458913,12,8,4,2,1.014643911
1.014643911,1.01866369,0.977607033,13,8,4,3,1.018490638
1.018507943,1.005471026,0.989839522,14,8,4,4,0.998275437
0.998300923,1.018117453,0.996630103,15,8,4,5,1.008016271
1.008033291,1.006500359,0.98677979,16,8,4,6,1.004516483
1.004499599,1.045828151,0.988671127,17,8,4,0,1.032255353
1.03228897,1.008011072,0.964096719,18,8,4,1,0.972693967
0.972433445,1.005760021,0.97138408,19,8,4,2,0.983741335
0.983808312,1.011062888,0.993336737,20,8,4,3,1.009011999
1.009011999,1.001728951,0.969528292,21,8,4,4,0.972362085
0.972362085,1.012819623,0.987241092,22,8,4,5,1.011457864
1.011440516,1.003798956,0.987968545,23,8,4,6,0.998327774
0.998327774,1.015719489,0.995318513,24,8,4,0,1.009612081
1.009560542,1.001191195,0.9470854,25,8,4,1,0.963574947
0.963583456,1.018428419,0.99379244,26,8,4,2,1.012132557
1.012132557,1.010294618,0.971471694,27,8,4,3,0.988230983
0.988239708,1.018671375,0.995974399,28,8,4,4,1.017647318
1.017682631,1.004250594,0.991819775,29,8,4,5,0.994821215
0.994821215,1.020587543,0.999520409,30,8,4,6,1.020395706
1.020317228,1.005050807,0.98826606,31,8,4,0,0.995137209
0.995137209,1.034497862,0.991446385,1,9,4,1,1.023247625
1.023204686,1.002778151,0.943807493,2,9,4,2,0.95794165
0.957933257,1.002584726,0.87701083,3,9,4,3,0.890968352
0.890959591,1.04381091,0.979505738,4,9,4,4,1.029875992
1.029856324,1.008250337,0.945140991,5,9,4,5,0.963704248
0.963704248,1.024325717,0.991329938,6,9,4,6,1.020233448
1.020233448,1.010149178,0.96023853,7,9,4,0,1.007818267
1.007818267,1.005541154,0.951835327,8,9,4,1,0.975879116
0.97589839,1.021378915,0.985958052,9,9,4,2,1.009657542
1.009627918,1.025038389,0.999501188,10,9,4,3,1.011286836
1.011296617,1.005706107,0.987698021,11,9,4,4,1.004874369
1.004874369,1.008334777,0.988999249,12,9,4,5,1.004975843
1.004956594,1.013206662,0.978710363,13,9,4,6,0.988919429
0.989561087,1.0398347,0.993399595,14,9,4,0,1.033156871
1.033147193,1.02403702,0.995559802,15,9,4,1,1.010313624
1.010304257,1.028566925,0.98924452,16,9,4,2,1.015233839
1.015289471,1.008146044,0.982201076,17,9,4,3,0.999196354
0.999196354,1.008079479,0.98879475,18,9,4,4,0.999241406
0.999241406,1.0223269,0.99613098,19,9,4,5,1.013610171
1.013591878,1,0.972124964,20,9,4,6,0.985552628
0.985408244,1.00616306,0.945841995,21,9,4,0,0.95392815
0.954166247,1.01452099,0.994462253,22,9,4,1,1.010758777
1.010758777,1.000370318,0.9634525,23,9,4,2,0.972064758
0.972140721,1.053691603,0.996376281,24,9,4,3,1.048964163
1.049013,1.001499083,0.983146957,25,9,4,4,0.995242041
0.995251352,1.009767142,0.996379422,26,9,4,5,1.003648645
1.003648645,1.006646222,0.988329496,27,9,4,6,1.004502279
1.004520922,1.015793772,0.991537062,28,9,4,0,0.992279425
0.9923815,1.015344623,0.995146947,29,9,4,1,1.013708237
1.013942006,1.000396555,0.983787373,30,9,4,2,0.99379346
0.993839571,1.012722009,0.970872075,1,10,4,3,0.985514912
0.985431398,1.004077366,0.978153603,2,10,4,4,0.995545972
0.995536555,1.002421445,0.993284274,3,10,4,5,0.997351545
0.997370462,1.01412124,0.997761845,4,10,4,6,1.012186563
1.012148629,1.010972125,0.995399391,5,10,4,0,1.010962755
1.011028344,1.000936035,0.975959667,6,10,4,1,0.982613853
0.982465571,1.00746156,0.995500424,7,10,4,2,1.006593718
1.006574851,1.026043277,0.988651166,8,10,4,3,1.023747271
1.023691042,1.016432462,0.992072138,9,10,4,4,1.01196503
1.011900947,1.038132718,0.999963812,10,10,4,5,1.022155878
1.021902565,1.012730621,0.998406459,11,10,4,6,1.006675166
1.00665746,1.030349668,0.98738875,12,10,4,0,1.014343758
1.01430858,1.002124247,0.981133221,13,10,4,1,0.990488577
0.990540599,1.010206225,0.988542068,14,10,4,2,0.999649872
0.999737404,1.014840562,0.9873308,15,10,4,3,1.007144483
1.007161994,1.003390361,0.975780652,16,10,4,4,0.984247861
0.984230475,1.007145507,0.995813387,17,10,4,5,1.003559505
1.003559505,1.012744123,0.998917454,18,10,4,6,1.012744123
1.012761725,1.027478687,0.991900653,19,10,4,0,1.021404177
1.021447628,1.023439029,0.994197671,20,10,4,1,1.013578472
1.01358698,1.109110596,0.998405184,21,10,4,2,1.075132622
1.074864021,1.029549803,0.991620788,22,10,4,3,1.013205263
1.01305689,1.004070086,0.981977537,23,10,4,4,0.997024521
0.996985978,1.017620771,0.995577411,24,10,4,5,1.014195584
1.01418012,1.017404894,0.983487078,25,10,4,6,0.993535107
0.993596097,1.015092458,0.98153917,26,10,4,0,1.00219443
1.002186757,1.055185086,0.999142518,27,10,4,1,1.045653256
1.045691536,1.014159888,0.945037084,28,10,4,2,0.972222019
0.97217809,1.027239933,0.977753176,29,10,4,3,1.01347311
1.013458048,1.015672141,0.976034777,30,10,4,4,1.007646578
1.007668871,1.037256088,0.991261191,31,10,4,5,1.017484993
1.017352251,1.006813816,0.987909101,1,11,4,6,0.997383205
0.997404951,1.004992841,0.96035524,2,11,4,0,0.985588349
0.98552294,1.036392463,0.980391578,3,11,4,1,1.033877807
1.034106412,1.015389004,0.965870356,4,11,4,2,1.00874278
1.00874278,1.112706425,0.996755175,5,11,4,3,1.101904479
1.102385194,1.023169316,0.976247122,6,11,4,4,0.998973958
0.998993196,1.011310678,0.923412204,7,11,4,5,0.951868637
0.951753091,1.055420663,0.992857432,8,11,4,6,1.044318994
1.044292016,1.021720176,0.95696008,9,11,4,0,0.98991817
0.989969838,1.008957463,0.984896921,10,11,4,1,0.998408142
0.998375522,1.042527331,0.998555848,11,11,4,2,1.025661467
1.025661467,1.041214847,0.986474089,12,11,4,3,1.038156704
1.038048395,1.011115203,0.980384214,13,11,4,4,1.001914933
1.001847419,1.000312441,0.962911457,14,11,4,5,0.98455563
0.984782302,1.005188277,0.981809925,15,11,4,6,0.992429097
0.992497527,1.058079114,0.994772504,16,11,4,0,1.047743213
1.047743213,1.067576784,0.990799124,17,11,4,1,1.056623075
1.056623075,1.045509362,0.977160392,18,11,4,2,1.006358175
1.006386484,1.021991437,0.977777903,19,11,4,3,1.001597741
1.001710258,1.056471315,0.99735475,20,11,4,4,1.048844458
1.048765831,1.015647592,0.985203869,21,11,4,5,1.000717583
1.00083004,1.003328108,0.944101705,22,11,4,6,0.985210789
0.986024089,1.01783689,0.977637412,23,11,4,0,0.99736815
0.998182124,1.055559784,0.982614463,24,11,4,1,1.041207746
1.041147946,1.017502545,0.967428139,25,11,4,2,0.977625773
0.977568337,1.009240515,0.867176943,26,11,4,3,0.916680465
0.91662171,1.016863917,0.960415829,27,11,4,4,0.998030406
0.998933622,1.042688974,0.984354765,28,11,4,5,1.034306348
1.034248014,1.034213777,0.988758975,29,11,4,6,1.025708275
1.025736476,1.090465193,1,30,11,4,0,1.083146376
1.08312988,1.010133111,0.926854776,1,12,4,1,0.95293383
0.952791682,1.030243128,0.977557425,2,12,4,2,1.024025064
1.024078347,1.019604783,0.982512825,3,12,4,3,1.011108336
1.010993871,1.005064047,0.957784171,4,12,4,4,0.960218413
0.960187534,1.02761356,0.991938899,5,12,4,5,1.026209299
1.0261825,1.014159616,0.985741147,6,12,4,6,1.012216651
1.011616003,1.002901634,0.976270626,7,12,4,0,0.989792652
0.989797815,1.006144762,0.950883636,8,12,4,1,0.955964279
0.955745196,1.01721936,0.963782037,9,12,4,2,1.012203641
1.012209099,1.000307342,0.966607535,10,12,4,3,0.983883404
0.984061339,1.002071176,0.96436262,11,12,4,4,0.987567464
0.987737322,1.050452939,0.999911243,12,12,4,5,1.043391192
1.043346813,1.03166189,0.995145708,13,12,4,6,1.019603256
1.019581989,1.008870278,0.991166225,14,12,4,0,1.00507916
1.005084375,1.014651939,0.989742605,15,12,4,1,1.008353265
1.008342889,1.10757048,0.993053662,16,12,4,2,1.09866373
1.098668876,1.111730352,0.994885797,17,12,4,3,1.068990226
1.068891876,1.019694786,0.979766291,18,12,4,4,1.01334601
1.013332866,1.042351995,0.985705391,19,12,4,5,1.030975977
1.030958681,1.018340351,0.9687673,20,12,4,6,0.984536731
0.984503179,1.026744369,0.937863432,21,12,4,0,0.968237334
0.968318274,1.048173371,0.984962869,22,12,4,1,1.048076585
1.047970999,1.010196971,0.952726189,23,12,4,2,0.976369391
0.976172085,1.022814064,0.977813806,24,12,4,3,1.020784236
1.020448798,1.04425864,0.988056657,25,12,4,4,1.040495265
1.041553056,1.085426892,0.991923835,26,12,4,5,1.070391306
1.07063003,1.071805686,0.977245156,27,12,4,6,0.992479299
0.992399935,1.045153699,0.995624391,28,12,4,0,1.030412198
1.030697813,1.012022775,0.957048324,29,12,4,1,1.011479644
1.011424222,1.058623902,1,30,12,4,2,1.054583645
1.054514238,1.014965289,0.970838472,31,12,4,3,1.002861419
1.002941095,1.023328509,0.99173451,1,1,5,4,1.014099345
1.014092437,1.131942765,0.988020995,2,1,5,5,1.096513248
1.096499624,1.079613828,0.994927453,3,1,5,6,1.023794066
1.025586387,1.017291302,0.854252103,4,1,5,0,0.969893932
0.96967586,1.074942059,0.937377012,5,1,5,1,1.061723421
1.061967053,1.086340013,0.982617289,6,1,5,2,1.082175221
1.082331107,1.096264793,0.988116363,7,1,5,3,1.072331753
1.072500238,1.062212414,0.92771066,8,1,5,4,1.02870543
1.028905601,1.018624776,0.954882385,9,1,5,5,0.988787703
0.988733525,1.03020446,0.875264323,10,1,5,6,0.951244966
0.951322177,1.000573369,0.796213147,11,1,5,0,0.930593555
0.927496315,1.033102806,0.919457461,12,1,5,1,0.961895218
0.961474623,1.108727819,0.952752692,13,1,5,2,1.097500969
1.0975362,1.07144615,0.983647822,14,1,5,3,1.04794374
1.04794374,1.013766187,0.880359509,15,1,5,4,0.940526908
0.938127462,1.03210455,0.963446688,16,1,5,5,0.980074445
0.980090771,1.021687891,0.940683119,17,1,5,6,0.994988909
0.994950042,1.044606035,0.971058814,18,1,5,0,1.02162497
1.022110485,1.03249742,0.982823104,19,1,5,1,0.982864054
0.979020273,1.014564122,0.932586212,20,1,5,2,0.989242125
0.989130586,1.003349092,0.848600175,21,1,5,3,0.869469981
0.869374131,1.096712896,0.936200294,22,1,5,4,1.070100231
1.0698927,1.013556969,0.952236915,23,1,5,5,0.972564792
0.972552669,1.029490316,0.965545289,24,1,5,6,1.004761831
1.004855322,1.080944539,0.991412436,25,1,5,0,1.000248106
0.999993797,1.020890644,0.956764183,26,1,5,1,1.008001464
1.00792393,1.001409248,0.901254169,27,1,5,2,0.935519206
0.935669977,1.111214151,0.983656101,28,1,5,3,1.097533946
1.097760853,1.154704524,0.957210088,29,1,5,4,1.027563006
1.027509084,1.018102041,0.959431487,30,1,5,5,0.999507289
0.999463557,1.00194565,0.938984762,31,1,5,6,0.965768809
0.965730888,1.047688088,0.976382495,1,2,5,0,1.012350937
1.012299588,1.073464821,0.998460345,2,2,5,1,1.058817211
1.058867936,1.060864713,0.997593478,3,2,5,2,1.060864713
1.06092389,1.028128312,0.966317741,4,2,5,3,0.982288991
0.982137592,1.035893164,0.990902305,5,2,5,4,1.035730899
1.035812031,1.068904926,0.999339436,6,2,5,5,1.024960444
1.024237218,1.011797425,0.952909717,7,2,5,6,0.99041523
0.990433074,1.199281405,0.979497395,8,2,5,0,1.194115861
1.194133877,1.037655939,0.972159478,9,2,5,1,1.002418291
1.002401048,1.016932644,0.941788259,10,2,5,2,0.964053342
0.964027539,1.08447233,0.982297233,11,2,5,3,1.070389519
1.070485426,1.019427024,0.962987811,12,2,5,4,0.987013231
0.9870424,1.015287157,0.976725188,13,2,5,5,0.995685315
0.995757086,1.053485005,0.997451884,14,2,5,6,1.031190047
1.03050532,1.006693944,0.941885701,15,2,5,0,0.986118397
0.986075197,1.053857163,0.981437053,16,2,5,1,1.025774916
1.025599676,1.069493687,0.99708714,17,2,5,2,1.059353597
1.059664818,1.008244632,0.977869065,18,2,5,3,0.990165948
0.990317596,1.090102558,0.98501069,19,2,5,4,1.083669154
1.08396766,1.028643468,0.967849862,20,2,5,5,1.000030399
0.999742498,1.043419857,0.992757693,21,2,5,6,1.027298614
1.027366583,1.000752121,0.841849242,22,2,5,0,0.942097163
0.942137206,1.000016632,0.833309618,23,2,5,1,0.903853155
0.903851307,1.049082928,0.961575184,24,2,5,2,1.01607815
1.016045438,1.046641675,0.941198368,25,2,5,3,0.944313314
0.944313314,1.031652407,0.942885453,26,2,5,4,0.987578977
0.987312614,1.043208851,0.972509934,27,2,5,5,0.99576113
0.995746022,1.009667071,0.93420756,28,2,5,6,0.978931854
0.978855991,1.102157859,0.99664087,1,3,5,0,1.09820529
1.098207504,1.012023244,0.949693118,2,3,5,1,0.976380969
0.976340643,1.085615689,0.994568607,3,3,5,2,1.040743708
1.040597082,1.027183059,0.943117409,4,3,5,3,0.96110185
0.959823768,1.022037235,0.958780984,5,3,5,4,1.00886824
1.008996435,1.008055542,0.965861795,6,3,5,5,1.001166015
1.002055383,1.051843596,0.999828217,7,3,5,6,1.042604143
1.042739115,1.027378508,0.967624326,8,3,5,0,1.025929173
1.026741114,1.04829196,0.992147447,9,3,5,1,1.048261398
1.048332073,1.044567778,0.967036972,10,3,5,2,1.017659481
1.017646727,1.040890796,0.973153665,11,3,5,3,1.034883763
1.035003724,1.004257329,0.953781774,12,3,5,4,0.990639412
0.990679201,1.079074657,0.979943214,13,3,5,5,1.068588761
1.06854336,1.007860415,0.966025359,14,3,5,6,0.966025359
0.966085824,1.024502092,0.931854243,15,3,5,0,0.943737377
0.940831295,1.022837314,0.959062919,16,3,5,1,1.022837314
1.022894848,1.03586212,0.953602295,17,3,5,2,1.035515855
1.035485975,1.01996544,0.96923876,18,3,5,3,0.978683388
0.978496668,1.031282852,0.976756007,19,3,5,4,1.007684968
1.007617313,1.030955115,0.996193451,20,3,5,5,1.000160113
1.000228978,1.008372147,0.956726119,21,3,5,6,0.987717178
0.987639722,1.017438344,0.937345001,22,3,5,0,0.943864774
0.943153716,1.031344759,0.979208204,23,3,5,1,1.006190234
1.003540444,1.052667048,0.952426021,24,3,5,2,0.963473893
0.963558593,1.016155169,0.963907892,25,3,5,3,0.980743359
0.980649723,1.07320519,0.999699907,26,3,5,4,1.0724647
1.072419881,1.027206916,0.981400521,27,3,5,5,1.015065287
1.014956263,1.011588541,0.979490448,28,3,5,6,0.998358305
0.998349353,1.047124794,0.985410125,29,3,5,0,1.033202008
1.033173316,1.030414166,0.990670767,30,3,5,1,1.020076508
1.020078244,1.017426844,0.969716563,31,3,5,2,0.999868984
0.999860476,1.010947328,0.98770489,1,4,5,3,0.999235916
0.999234215,1.024127102,0.995713424,2,4,5,4,1.004412601
1.004404086,1.013457834,0.964899757,3,4,5,5,0.967497389
0.967493998,1.024625086,0.989675726,4,4,5,6,1.01998258
1.020024641,1.01722956,0.976640098,5,4,5,0,1.013592246
1.016609309,1.005374436,0.97015836,6,4,5,1,0.9801805
0.9801805,1.010886901,0.956773104,7,4,5,2,0.964694299
0.96468223,1.039120255,0.995953385,8,4,5,3,1.038060342
1.038049618,1.014017646,0.993270979,9,4,5,4,1.000721458
1.00087126,1.053358657,0.996087903,10,4,5,5,1.027887021
1.028299907,1.014968447,0.991265199,11,4,5,6,1.003451426
1.003508308,1.021303022,0.99311628,12,4,5,0,0.998027745
0.998024411,1.063400798,0.999595748,13,4,5,1,1.06142798
1.061483105,1.019416406,0.965726219,14,4,5,2,0.991127436
0.991099109,1.011916746,0.985533181,15,4,5,3,1.003769534
1.003699669,1.004855122,0.949624752,16,4,5,4,0.97101956
0.970681014,1.018755409,0.972518795,17,4,5,5,0.97854569
0.978566877,1.005311176,0.863005303,18,4,5,6,0.936111
0.936127655,1.023286679,0.965560124,19,4,5,0,0.990001441
0.98998365,1.025335564,0.960057579,20,4,5,1,1.015061524
1.014995031,1.005044308,0.950036739,21,4,5,2,0.95291566
0.952935136,1.029488325,0.939979153,22,4,5,3,0.961134346
0.960718154,1.007596636,0.921718681,23,4,5,4,0.989102077
0.989047926,1.000825173,0.953743391,24,4,5,5,0.979431296
0.979417608,1.008868356,0.940311291,25,4,5,6,0.977547606
0.97754561,1.109416198,0.99698551,26,4,5,0,1.103281015
1.103089036,1.026229794,0.98766735,27,4,5,1,1.018984986
1.018975729,1.025145359,0.978930155,28,4,5,2,0.996464133
0.996413257,1.006110659,0.955531323,29,4,5,3,0.976698895
0.976726248,1.081462148,0.99115796,30,4,5,4,1.077629228
1.077606824,1.012652657,0.988052482,1,5,5,5,1.001524625
1.001526358,1.001058692,0.970648985,2,5,5,6,0.979182524
0.979217122,1.040972833,0.999233294,3,5,5,0,1.009963643
1.009977776,1.000536989,0.94001987,4,5,5,1,0.94001987
0.942311258,1.075435519,1,5,5,5,2,1.066245301
1.066239733,1.01608433,0.962631222,6,5,5,3,0.981971066
0.982075521,1.03949379,0.980300081,7,5,5,4,1.016411576
1.016289261,1.037341511,0.993753739,8,5,5,5,1.026335114
1.026343836,1.006566894,0.958766566,9,5,5,6,0.989763871
0.989983107,1.021848477,0.921496896,10,5,5,0,0.958759648
0.95871158,1.018354012,0.976798738,11,5,5,1,1.015213238
1.01519175,1.021942164,0.867579748,12,5,5,2,0.871058039
0.871304977,1.039254467,0.937910693,13,5,5,3,1.006202655
1.006208728,1.035294307,0.983283338,14,5,5,4,1.002714018
1.002699935,1.01608777,0.9360161,15,5,5,5,0.937191883
0.937603207,1.064948544,0.939898522,16,5,5,6,0.993517986
0.993470906,1.002610707,0.909040974,17,5,5,0,0.937900922
0.937840609,1.05127416,0.971413806,18,5,5,1,0.985272805
0.985295773,1.014413159,0.705428886,19,5,5,2,0.855989631
0.855670271,1.155804919,0.95378513,20,5,5,3,1.109254961
1.106367213,1.036864215,0.827168367,21,5,5,4,0.91840182
0.918244228,1.039821941,0.947008662,22,5,5,5,1.004218176
1.004177952,1.02141438,0.832979053,23,5,5,6,0.926105835
0.92719004,1.147792502,0.992923448,24,5,5,0,1.116079066
1.116165471,1.025473762,0.942898208,25,5,5,1,0.990315738
0.990248648,1.061869881,0.986223053,26,5,5,2,1.0227618
1.022756588,1.027343372,0.947560447,27,5,5,3,0.978809651
0.982017376,1.007806825,0.902166919,28,5,5,4,0.925260487
0.925312377,1.043813877,0.943913415,29,5,5,5,0.969720591
0.969852374,1.052018977,0.966801872,30,5,5,6,1.030746503
1.030492089,1.051529009,0.959858602,31,5,5,0,1.046420155
1.046299517,1.014908444,0.958395787,1,6,5,1,0.983732098
0.98373478,1.041218174,0.980740139,2,6,5,2,1.023661881
1.023659156,1.05076726,0.990358321,3,6,5,3,1.043444803
1.043553974,1.001633011,0.909890945,4,6,5,4,0.940290472
0.940032762,1.028402984,0.945463231,5,6,5,5,0.964137976
0.964102689,1.025769524,0.99286573,6,6,5,6,1.008353346
1.008353346,1.026223356,0.932841738,7,6,5,0,0.937529666
0.937434735,1.014093988,0.928025948,8,6,5,1,0.994290327
0.994367766,1.123769301,0.971337856,9,6,5,2,1.118215992
1.119503976,1.025835313,0.958496543,10,6,5,3,0.980580706
0.980711809,1.026921807,0.982239464,11,6,5,4,1.018014258
1.01855444,1.002756171,0.929526121,12,6,5,5,0.949995179
0.949995179,1.10866568,0.981941214,13,6,5,6,1.100243885
1.100277719,1.049874308,0.993486077,14,6,5,0,1.038573599
1.038396786,1.019631069,0.976985625,15,6,5,1,0.99095811
0.990760689,1.008625564,0.950391177,16,6,5,2,0.954864614
0.954909448,1.031094638,0.976198426,17,6,5,3,0.992545216
0.992375671,1.00316726,0.925168548,18,6,5,4,0.939648579
0.940190036,1.016418787,0.974154319,19,6,5,5,0.992826391
0.9927565,1.016530136,0.939936752,20,6,5,6,1.002390815
1.002449952,1.003104116,0.878818694,21,6,5,0,0.890277235
0.890015984,1.050178804,0.912226546,22,6,5,1,1.025682786
1.025742756,1.070342141,0.976558774,23,6,5,2,1.036186508
1.036303437,1.046671279,0.96076382,24,6,5,3,1.029327664
1.029170292,1.023958108,0.904138717,25,6,5,4,0.911527531
0.911472714,1.033264645,0.956153595,26,6,5,5,1.020615913
1.020733031,1.075616102,0.993630435,27,6,5,6,1.075399028
1.075513767,1.015829446,0.978741256,28,6,5,0,0.994051704
0.99409207,1.061286702,0.993337645,29,6,5,1,1.039370832
1.039309923,1.007169449,0.952389723,30,6,5,2,0.977514889
0.977620937,1.000057093,0.937440588,1,7,5,3,0.957548664
0.9575087,1.011439321,0.975922867,2,7,5,4,1.008085337
1.008109188,1.032400589,0.986665365,3,7,5,5,1.027461836
1.027461836,1.034965518,0.999922286,4,7,5,6,1.015986046
1.015951506,1.000099159,0.939572768,5,7,5,0,0.954409723
0.954429555,1.040770589,0.996829779,6,7,5,1,1.015943126
1.016035146,1.023603,0.987513402,7,7,5,2,0.989456217
0.989210808,1.001884263,0.949423203,8,7,5,3,0.970669888
0.970669888,1.036904063,0.984808147,9,7,5,4,1.028329931
1.028339059,1.012524521,0.97807839,10,7,5,5,0.991505339
0.991511257,1.031924036,0.994300345,11,7,5,6,1.021393103
1.021411008,1.010801004,0.954262993,12,7,5,0,0.967415852
0.967214264,1.006089512,0.974427673,13,7,5,1,0.988582165
0.988573103,1.009902896,0.965882216,14,7,5,2,1.002838565
1.002832454,1.010252738,0.949888027,15,7,5,3,0.970140613
0.970195457,1.012483395,0.975501142,16,7,5,4,0.985921243
0.985619757,1.016900116,0.994373001,17,7,5,5,1.00427601
1.004253706,1.02824744,0.990567265,18,7,5,6,1.008487241
1.008407921,1.003275346,0.958949624,19,7,5,0,0.970245006
0.970188372,1.006661175,0.950537369,20,7,5,1,0.966220643
0.96624983,1.100685692,0.990756745,21,7,5,2,1.0784267
1.078436769,1.014120012,0.987479654,22,7,5,3,1.005203584
1.005172462,1.040488701,0.992049019,23,7,5,4,1.040417488
1.040330796,1.010550438,0.99441675,24,7,5,5,1.006675496
1.023571078,1.0290354,0.985136294,25,7,5,6,1.0290354
1.029070291,1.144963735,0.995603563,26,7,5,0,1.053240394
1.053740503,1.0579606,0.976755161,27,7,5,1,1.057856026
1.057813124,1.035786709,0.985637661,28,7,5,2,1.014012532
1.014159552,1.015539004,0.983298758,29,7,5,3,0.999810043
0.999802544,1.056580944,0.958933629,30,7,5,4,1.055055986
1.055005987,1.001988086,0.973105158,31,7,5,5,0.984652168
0.983616657,1.025415563,0.952939051,1,8,5,6,0.9606914
0.96048663,1.014527286,0.970471384,2,8,5,0,0.982407737
0.982382656,1.015298437,0.962233899,3,8,5,1,0.973521347
0.975004723,1.0462994,0.983439997,4,8,5,2,1.040548963
1.040483498,1.041070206,0.940379117,5,8,5,3,1.028509302
1.028539502,1.058358047,0.976436562,6,8,5,4,1.047151344
1.046889528,1.044702896,0.995940137,7,8,5,5,1.042760613
1.042075789,1.01568244,0.971503805,8,8,5,6,0.982233895
0.982280996,1.060870101,0.977833035,9,8,5,0,1.056842235
1.056785151,1.008245142,0.965416211,10,8,5,1,0.985134545
0.985121581,1.025076108,0.995058474,11,8,5,2,0.999366134
0.999322267,1.014299103,0.961643727,12,8,5,3,0.974564497
0.974577666,1.077290334,0.996360688,13,8,5,4,1.076684533
1.076695793,1.005883756,0.964601252,14,8,5,5,0.984770841
0.984793849,1.005554069,0.96774817,15,8,5,6,0.998060855
0.998067227,1.021510227,0.971920513,16,8,5,0,0.978819619
0.976929919,1.026860535,0.968061864,17,8,5,1,0.973514132
0.97350324,1.029397352,0.989682509,18,8,5,2,1.000731689
1.000778679,1.051120268,0.983472663,19,8,5,3,1.045387572
1.045405459,1.055320414,0.997649535,20,8,5,4,1.054907639
1.055035963,1.007887695,0.978988445,21,8,5,5,0.990792621
0.990683154,1.012479947,0.985279433,22,8,5,6,1.007859563
1.007877979,1.025243933,0.995598452,23,8,5,0,1.005771956
1.005625779,1.006357442,0.961461667,24,8,5,1,0.963300863
0.963153485,1.031919576,0.988595061,25,8,5,2,1.026979043
1.026976947,1.007213069,0.946238754,26,8,5,3,0.955856179
